Date,10 Yr,3 Mo,Spread
2005-01-03,4.23,2.32,1.9100000000000006
2005-01-04,4.29,2.33,1.96
2005-01-05,4.29,2.33,1.96
2005-01-06,4.29,2.31,1.98
2005-01-07,4.29,2.32,1.9700000000000002
2005-01-10,4.29,2.36,1.9300000000000002
2005-01-11,4.26,2.34,1.92
2005-01-12,4.25,2.34,1.9100000000000001
2005-01-13,4.2,2.35,1.85
2005-01-14,4.23,2.37,1.8600000000000003
2005-01-18,4.21,2.39,1.8199999999999998
2005-01-19,4.2,2.37,1.83
2005-01-20,4.17,2.35,1.8199999999999998
2005-01-21,4.16,2.36,1.8000000000000003
2005-01-24,4.14,2.37,1.7699999999999996
2005-01-25,4.2,2.39,1.81
2005-01-26,4.21,2.41,1.7999999999999998
2005-01-27,4.22,2.44,1.7799999999999998
2005-01-28,4.16,2.46,1.7000000000000002
2005-01-31,4.14,2.51,1.63
2005-02-01,4.15,2.51,1.6400000000000006
2005-02-02,4.15,2.51,1.6400000000000006
2005-02-03,4.18,2.48,1.6999999999999997
2005-02-04,4.09,2.47,1.6199999999999997
2005-02-07,4.07,2.51,1.5600000000000005
2005-02-08,4.05,2.49,1.5599999999999996
2005-02-09,4.0,2.51,1.4900000000000002
2005-02-10,4.07,2.51,1.5600000000000005
2005-02-11,4.1,2.55,1.5499999999999998
2005-02-14,4.08,2.59,1.4900000000000002
2005-02-15,4.1,2.59,1.5099999999999998
2005-02-16,4.16,2.57,1.5900000000000003
2005-02-17,4.19,2.58,1.6100000000000003
2005-02-18,4.27,2.61,1.6599999999999997
2005-02-22,4.29,2.67,1.62
2005-02-23,4.27,2.67,1.5999999999999996
2005-02-24,4.29,2.69,1.6
2005-02-25,4.27,2.74,1.5299999999999994
2005-02-28,4.36,2.76,1.6000000000000005
2005-03-01,4.38,2.75,1.63
2005-03-02,4.38,2.74,1.6399999999999997
2005-03-03,4.39,2.76,1.63
2005-03-04,4.32,2.76,1.5600000000000005
2005-03-07,4.31,2.76,1.5499999999999998
2005-03-08,4.38,2.75,1.63
2005-03-09,4.52,2.76,1.7599999999999998
2005-03-10,4.48,2.75,1.7300000000000004
2005-03-11,4.56,2.76,1.7999999999999998
2005-03-14,4.52,2.8,1.7199999999999998
2005-03-15,4.54,2.81,1.73
2005-03-16,4.52,2.8,1.7199999999999998
2005-03-17,4.47,2.79,1.6799999999999997
2005-03-18,4.51,2.81,1.6999999999999997
2005-03-21,4.53,2.85,1.6800000000000002
2005-03-22,4.63,2.89,1.7399999999999998
2005-03-23,4.61,2.83,1.7800000000000002
2005-03-24,4.6,2.84,1.7599999999999998
2005-03-28,4.64,2.84,1.7999999999999998
2005-03-29,4.6,2.84,1.7599999999999998
2005-03-30,4.56,2.83,1.7299999999999995
2005-03-31,4.5,2.79,1.71
2005-04-01,4.46,2.8,1.6600000000000001
2005-04-04,4.47,2.8,1.67
2005-04-05,4.48,2.79,1.6900000000000004
2005-04-06,4.44,2.76,1.6800000000000006
2005-04-07,4.49,2.77,1.7200000000000002
2005-04-08,4.5,2.79,1.71
2005-04-11,4.45,2.76,1.6900000000000004
2005-04-12,4.38,2.76,1.62
2005-04-13,4.38,2.77,1.6099999999999999
2005-04-14,4.37,2.78,1.5900000000000003
2005-04-15,4.27,2.79,1.4799999999999995
2005-04-18,4.27,2.9,1.3699999999999997
2005-04-19,4.21,2.91,1.2999999999999998
2005-04-20,4.22,2.87,1.3499999999999996
2005-04-21,4.32,2.88,1.4400000000000004
2005-04-22,4.26,2.93,1.3299999999999996
2005-04-25,4.26,2.93,1.3299999999999996
2005-04-26,4.28,2.91,1.37
2005-04-27,4.25,2.89,1.3599999999999999
2005-04-28,4.19,2.88,1.3100000000000005
2005-04-29,4.21,2.9,1.31
2005-05-02,4.21,2.93,1.2799999999999998
2005-05-03,4.21,2.91,1.2999999999999998
2005-05-04,4.2,2.87,1.33
2005-05-05,4.19,2.81,1.3800000000000003
2005-05-06,4.28,2.87,1.4100000000000001
2005-05-09,4.29,2.91,1.38
2005-05-10,4.23,2.9,1.3300000000000005
2005-05-11,4.21,2.87,1.3399999999999999
2005-05-12,4.18,2.88,1.2999999999999998
2005-05-13,4.12,2.83,1.29
2005-05-16,4.13,2.89,1.2399999999999998
2005-05-17,4.12,2.88,1.2400000000000002
2005-05-18,4.07,2.86,1.2100000000000004
2005-05-19,4.11,2.87,1.2400000000000002
2005-05-20,4.13,2.9,1.23
2005-05-23,4.07,2.97,1.1
2005-05-24,4.04,2.94,1.1
2005-05-25,4.08,2.95,1.13
2005-05-26,4.08,2.94,1.1400000000000001
2005-05-27,4.08,2.97,1.1099999999999999
2005-05-31,4.0,2.99,1.0099999999999998
2005-06-01,3.91,2.97,0.94
2005-06-02,3.89,2.97,0.9199999999999999
2005-06-03,3.98,3.01,0.9700000000000002
2005-06-06,3.96,3.02,0.94
2005-06-07,3.92,3.02,0.8999999999999999
2005-06-08,3.95,3.02,0.9300000000000002
2005-06-09,3.98,2.99,0.9899999999999998
2005-06-10,4.05,3.01,1.04
2005-06-13,4.09,3.03,1.06
2005-06-14,4.13,3.01,1.12
2005-06-15,4.12,3.0,1.12
2005-06-16,4.09,2.98,1.1099999999999999
2005-06-17,4.09,2.99,1.0999999999999996
2005-06-20,4.11,3.02,1.0900000000000003
2005-06-21,4.06,3.02,1.0399999999999996
2005-06-22,3.95,3.03,0.9200000000000004
2005-06-23,3.96,3.07,0.8900000000000001
2005-06-24,3.92,3.09,0.8300000000000001
2005-06-27,3.9,3.15,0.75
2005-06-28,3.97,3.14,0.8300000000000001
2005-06-29,3.99,3.13,0.8600000000000003
2005-06-30,3.94,3.13,0.81
2005-07-01,4.06,3.17,0.8899999999999997
2005-07-05,4.11,3.22,0.8900000000000001
2005-07-06,4.08,3.19,0.8900000000000001
2005-07-07,4.05,3.15,0.8999999999999999
2005-07-08,4.11,3.17,0.9400000000000004
2005-07-11,4.11,3.19,0.9200000000000004
2005-07-12,4.15,3.21,0.9400000000000004
2005-07-13,4.17,3.22,0.9499999999999997
2005-07-14,4.19,3.23,0.9600000000000004
2005-07-15,4.18,3.26,0.9199999999999999
2005-07-18,4.22,3.3,0.9199999999999999
2005-07-19,4.2,3.31,0.8900000000000001
2005-07-20,4.17,3.3,0.8700000000000001
2005-07-21,4.28,3.35,0.9300000000000002
2005-07-22,4.23,3.38,0.8500000000000005
2005-07-25,4.25,3.44,0.81
2005-07-26,4.24,3.43,0.81
2005-07-27,4.27,3.4,0.8699999999999997
2005-07-28,4.2,3.41,0.79
2005-07-29,4.28,3.42,0.8600000000000003
2005-08-01,4.32,3.48,0.8400000000000003
2005-08-02,4.34,3.49,0.8499999999999996
2005-08-03,4.3,3.46,0.8399999999999999
2005-08-04,4.32,3.47,0.8500000000000001
2005-08-05,4.4,3.52,0.8800000000000003
2005-08-08,4.42,3.54,0.8799999999999999
2005-08-09,4.41,3.52,0.8900000000000001
2005-08-10,4.4,3.51,0.8900000000000006
2005-08-11,4.32,3.51,0.8100000000000005
2005-08-12,4.24,3.52,0.7200000000000002
2005-08-15,4.27,3.54,0.7299999999999995
2005-08-16,4.23,3.54,0.6900000000000004
2005-08-17,4.28,3.52,0.7600000000000002
2005-08-18,4.21,3.5,0.71
2005-08-19,4.21,3.52,0.69
2005-08-22,4.22,3.53,0.69
2005-08-23,4.2,3.53,0.6700000000000004
2005-08-24,4.19,3.53,0.6600000000000006
2005-08-25,4.18,3.54,0.6399999999999997
2005-08-26,4.2,3.55,0.6500000000000004
2005-08-29,4.2,3.54,0.6600000000000001
2005-08-30,4.16,3.54,0.6200000000000001
2005-08-31,4.02,3.52,0.49999999999999956
2005-09-01,4.02,3.48,0.5399999999999996
2005-09-02,4.03,3.46,0.5700000000000003
2005-09-06,4.09,3.52,0.5699999999999998
2005-09-07,4.15,3.49,0.6600000000000001
2005-09-08,4.15,3.48,0.6700000000000004
2005-09-09,4.14,3.49,0.6499999999999995
2005-09-12,4.18,3.51,0.6699999999999999
2005-09-13,4.14,3.47,0.6699999999999995
2005-09-14,4.17,3.42,0.75
2005-09-15,4.22,3.45,0.7699999999999996
2005-09-16,4.26,3.5,0.7599999999999998
2005-09-19,4.25,3.58,0.6699999999999999
2005-09-20,4.26,3.61,0.6499999999999999
2005-09-21,4.19,3.41,0.7800000000000002
2005-09-22,4.19,3.47,0.7200000000000002
2005-09-23,4.25,3.48,0.77
2005-09-26,4.3,3.52,0.7799999999999998
2005-09-27,4.3,3.49,0.8099999999999996
2005-09-28,4.26,3.46,0.7999999999999998
2005-09-29,4.29,3.54,0.75
2005-09-30,4.34,3.55,0.79
2005-10-03,4.39,3.61,0.7799999999999998
2005-10-04,4.38,3.63,0.75
2005-10-05,4.36,3.58,0.7800000000000002
2005-10-06,4.37,3.61,0.7600000000000002
2005-10-07,4.35,3.63,0.7199999999999998
2005-10-11,4.39,3.73,0.6599999999999997
2005-10-12,4.45,3.7,0.75
2005-10-13,4.48,3.75,0.7300000000000004
2005-10-14,4.48,3.78,0.7000000000000006
2005-10-17,4.5,3.86,0.6400000000000001
2005-10-18,4.49,3.85,0.6400000000000001
2005-10-19,4.47,3.86,0.6099999999999999
2005-10-20,4.46,3.85,0.6099999999999999
2005-10-21,4.39,3.87,0.5199999999999996
2005-10-24,4.45,3.92,0.5300000000000002
2005-10-25,4.54,3.93,0.6099999999999999
2005-10-26,4.6,3.9,0.6999999999999997
2005-10-27,4.57,3.88,0.6900000000000004
2005-10-28,4.58,3.93,0.6499999999999999
2005-10-31,4.57,3.98,0.5900000000000003
2005-11-01,4.58,3.96,0.6200000000000001
2005-11-02,4.61,3.94,0.6700000000000004
2005-11-03,4.65,3.94,0.7100000000000004
2005-11-04,4.66,3.98,0.6800000000000002
2005-11-07,4.65,3.96,0.6900000000000004
2005-11-08,4.57,3.96,0.6100000000000003
2005-11-09,4.64,3.99,0.6499999999999995
2005-11-10,4.55,3.97,0.5799999999999996
2005-11-14,4.61,4.02,0.5900000000000007
2005-11-15,4.56,4.01,0.5499999999999998
2005-11-16,4.49,4.0,0.4900000000000002
2005-11-17,4.46,4.01,0.4500000000000002
2005-11-18,4.5,4.01,0.4900000000000002
2005-11-21,4.46,4.0,0.45999999999999996
2005-11-22,4.43,3.93,0.49999999999999956
2005-11-23,4.47,3.95,0.5199999999999996
2005-11-25,4.43,3.95,0.47999999999999954
2005-11-28,4.41,3.98,0.43000000000000016
2005-11-29,4.48,3.98,0.5000000000000004
2005-11-30,4.49,3.95,0.54
2005-12-01,4.52,3.97,0.5499999999999994
2005-12-02,4.52,3.99,0.5299999999999994
2005-12-05,4.57,4.04,0.5300000000000002
2005-12-06,4.49,4.04,0.4500000000000002
2005-12-07,4.52,4.03,0.4899999999999993
2005-12-08,4.47,3.94,0.5299999999999998
2005-12-09,4.54,3.94,0.6000000000000001
2005-12-12,4.56,3.9,0.6599999999999997
2005-12-13,4.54,3.91,0.6299999999999999
2005-12-14,4.45,3.89,0.56
2005-12-15,4.47,3.93,0.5399999999999996
2005-12-16,4.45,3.93,0.52
2005-12-19,4.45,3.96,0.4900000000000002
2005-12-20,4.47,3.95,0.5199999999999996
2005-12-21,4.49,3.98,0.5100000000000002
2005-12-22,4.44,3.98,0.4600000000000004
2005-12-23,4.38,3.99,0.3899999999999997
2005-12-27,4.34,3.98,0.3599999999999999
2005-12-28,4.38,3.95,0.4299999999999997
2005-12-29,4.37,4.01,0.3600000000000003
2005-12-30,4.39,4.08,0.3099999999999996
2006-01-03,4.37,4.16,0.20999999999999996
2006-01-04,4.36,4.19,0.16999999999999993
2006-01-05,4.36,4.2,0.16000000000000014
2006-01-06,4.38,4.22,0.16000000000000014
2006-01-09,4.38,4.23,0.14999999999999947
2006-01-10,4.43,4.29,0.13999999999999968
2006-01-11,4.46,4.3,0.16000000000000014
2006-01-12,4.42,4.32,0.09999999999999964
2006-01-13,4.36,4.33,0.03000000000000025
2006-01-17,4.34,4.38,-0.040000000000000036
2006-01-18,4.34,4.35,-0.009999999999999787
2006-01-19,4.38,4.35,0.03000000000000025
2006-01-20,4.37,4.35,0.020000000000000462
2006-01-23,4.36,4.38,-0.019999999999999574
2006-01-24,4.4,4.4,0.0
2006-01-25,4.49,4.42,0.07000000000000028
2006-01-26,4.53,4.45,0.08000000000000007
2006-01-27,4.52,4.45,0.0699999999999994
2006-01-30,4.54,4.48,0.05999999999999961
2006-01-31,4.53,4.47,0.0600000000000005
2006-02-01,4.57,4.47,0.10000000000000053
2006-02-02,4.57,4.48,0.08999999999999986
2006-02-03,4.54,4.48,0.05999999999999961
2006-02-06,4.55,4.48,0.0699999999999994
2006-02-07,4.57,4.49,0.08000000000000007
2006-02-08,4.56,4.5,0.05999999999999961
2006-02-09,4.54,4.52,0.020000000000000462
2006-02-10,4.59,4.53,0.05999999999999961
2006-02-13,4.58,4.55,0.03000000000000025
2006-02-14,4.62,4.55,0.07000000000000028
2006-02-15,4.61,4.55,0.0600000000000005
2006-02-16,4.59,4.55,0.040000000000000036
2006-02-17,4.54,4.54,0.0
2006-02-21,4.57,4.56,0.010000000000000675
2006-02-22,4.53,4.57,-0.040000000000000036
2006-02-23,4.56,4.59,-0.03000000000000025
2006-02-24,4.58,4.6,-0.019999999999999574
2006-02-27,4.59,4.62,-0.03000000000000025
2006-02-28,4.55,4.62,-0.07000000000000028
2006-03-01,4.59,4.6,-0.009999999999999787
2006-03-02,4.64,4.62,0.019999999999999574
2006-03-03,4.68,4.62,0.05999999999999961
2006-03-06,4.74,4.6,0.14000000000000057
2006-03-07,4.74,4.6,0.14000000000000057
2006-03-08,4.73,4.58,0.15000000000000036
2006-03-09,4.74,4.6,0.14000000000000057
2006-03-10,4.76,4.62,0.13999999999999968
2006-03-13,4.77,4.61,0.15999999999999925
2006-03-14,4.71,4.59,0.1200000000000001
2006-03-15,4.73,4.63,0.10000000000000053
2006-03-16,4.65,4.62,0.03000000000000025
2006-03-17,4.68,4.64,0.040000000000000036
2006-03-20,4.66,4.66,0.0
2006-03-21,4.71,4.69,0.019999999999999574
2006-03-22,4.7,4.69,0.009999999999999787
2006-03-23,4.73,4.67,0.0600000000000005
2006-03-24,4.67,4.65,0.019999999999999574
2006-03-27,4.7,4.63,0.07000000000000028
2006-03-28,4.79,4.65,0.13999999999999968
2006-03-29,4.81,4.63,0.17999999999999972
2006-03-30,4.86,4.61,0.25
2006-03-31,4.86,4.63,0.23000000000000043
2006-04-03,4.88,4.67,0.20999999999999996
2006-04-04,4.87,4.68,0.1900000000000004
2006-04-05,4.84,4.67,0.16999999999999993
2006-04-06,4.9,4.68,0.22000000000000064
2006-04-07,4.97,4.69,0.27999999999999936
2006-04-10,4.97,4.69,0.27999999999999936
2006-04-11,4.93,4.7,0.22999999999999954
2006-04-12,4.98,4.7,0.28000000000000025
2006-04-13,5.05,4.7,0.34999999999999964
2006-04-17,5.01,4.72,0.29000000000000004
2006-04-18,4.99,4.72,0.27000000000000046
2006-04-19,5.04,4.73,0.3099999999999996
2006-04-20,5.04,4.73,0.3099999999999996
2006-04-21,5.01,4.75,0.2599999999999998
2006-04-24,4.99,4.75,0.2400000000000002
2006-04-25,5.07,4.79,0.28000000000000025
2006-04-26,5.12,4.79,0.33000000000000007
2006-04-27,5.09,4.78,0.3099999999999996
2006-04-28,5.07,4.77,0.3000000000000007
2006-05-01,5.14,4.82,0.3199999999999994
2006-05-02,5.12,4.81,0.3100000000000005
2006-05-03,5.15,4.82,0.33000000000000007
2006-05-04,5.16,4.8,0.3600000000000003
2006-05-05,5.12,4.83,0.29000000000000004
2006-05-08,5.12,4.87,0.25
2006-05-09,5.13,4.88,0.25
2006-05-10,5.13,4.88,0.25
2006-05-11,5.14,4.82,0.3199999999999994
2006-05-12,5.19,4.85,0.34000000000000075
2006-05-15,5.15,4.86,0.29000000000000004
2006-05-16,5.1,4.83,0.2699999999999996
2006-05-17,5.16,4.83,0.33000000000000007
2006-05-18,5.08,4.83,0.25
2006-05-19,5.05,4.82,0.22999999999999954
2006-05-22,5.04,4.83,0.20999999999999996
2006-05-23,5.07,4.84,0.23000000000000043
2006-05-24,5.03,4.82,0.20999999999999996
2006-05-25,5.07,4.82,0.25
2006-05-26,5.06,4.84,0.21999999999999975
2006-05-30,5.09,4.84,0.25
2006-05-31,5.12,4.86,0.2599999999999998
2006-06-01,5.11,4.83,0.28000000000000025
2006-06-02,5.0,4.81,0.1900000000000004
2006-06-05,5.02,4.85,0.16999999999999993
2006-06-06,5.01,4.86,0.14999999999999947
2006-06-07,5.02,4.86,0.15999999999999925
2006-06-08,5.0,4.87,0.1299999999999999
2006-06-09,4.98,4.88,0.10000000000000053
2006-06-12,4.99,4.93,0.0600000000000005
2006-06-13,4.97,4.89,0.08000000000000007
2006-06-14,5.05,4.9,0.14999999999999947
2006-06-15,5.1,4.85,0.25
2006-06-16,5.13,4.88,0.25
2006-06-19,5.14,4.93,0.20999999999999996
2006-06-20,5.15,4.92,0.23000000000000043
2006-06-21,5.16,4.92,0.2400000000000002
2006-06-22,5.2,4.92,0.28000000000000025
2006-06-23,5.23,4.98,0.25
2006-06-26,5.25,5.03,0.21999999999999975
2006-06-27,5.21,5.05,0.16000000000000014
2006-06-28,5.25,5.01,0.2400000000000002
2006-06-29,5.22,5.01,0.20999999999999996
2006-06-30,5.15,5.01,0.14000000000000057
2006-07-03,5.15,5.08,0.07000000000000028
2006-07-05,5.23,5.01,0.22000000000000064
2006-07-06,5.19,5.0,0.1900000000000004
2006-07-07,5.14,5.02,0.1200000000000001
2006-07-10,5.13,5.06,0.07000000000000028
2006-07-11,5.1,5.05,0.04999999999999982
2006-07-12,5.1,5.06,0.040000000000000036
2006-07-13,5.08,5.05,0.03000000000000025
2006-07-14,5.07,5.06,0.010000000000000675
2006-07-17,5.07,5.11,-0.040000000000000036
2006-07-18,5.13,5.13,0.0
2006-07-19,5.06,5.11,-0.05000000000000071
2006-07-20,5.03,5.08,-0.04999999999999982
2006-07-21,5.05,5.1,-0.04999999999999982
2006-07-24,5.05,5.1,-0.04999999999999982
2006-07-25,5.07,5.13,-0.05999999999999961
2006-07-26,5.04,5.11,-0.07000000000000028
2006-07-27,5.07,5.1,-0.02999999999999936
2006-07-28,5.0,5.07,-0.07000000000000028
2006-07-31,4.99,5.1,-0.10999999999999943
2006-08-01,4.99,5.12,-0.1299999999999999
2006-08-02,4.96,5.1,-0.13999999999999968
2006-08-03,4.96,5.11,-0.15000000000000036
2006-08-04,4.91,5.09,-0.17999999999999972
2006-08-07,4.93,5.12,-0.1900000000000004
2006-08-08,4.93,5.1,-0.16999999999999993
2006-08-09,4.92,5.07,-0.15000000000000036
2006-08-10,4.93,5.05,-0.1200000000000001
2006-08-11,4.97,5.07,-0.10000000000000053
2006-08-14,5.0,5.12,-0.1200000000000001
2006-08-15,4.93,5.1,-0.16999999999999993
2006-08-16,4.87,5.07,-0.20000000000000018
2006-08-17,4.87,5.09,-0.21999999999999975
2006-08-18,4.84,5.1,-0.2599999999999998
2006-08-21,4.82,5.11,-0.29000000000000004
2006-08-22,4.82,5.1,-0.27999999999999936
2006-08-23,4.82,5.09,-0.2699999999999996
2006-08-24,4.81,5.09,-0.28000000000000025
2006-08-25,4.79,5.11,-0.3200000000000003
2006-08-28,4.8,5.1,-0.2999999999999998
2006-08-29,4.79,5.07,-0.28000000000000025
2006-08-30,4.76,5.05,-0.29000000000000004
2006-08-31,4.74,5.05,-0.3099999999999996
2006-09-01,4.73,5.02,-0.28999999999999915
2006-09-05,4.78,5.0,-0.21999999999999975
2006-09-06,4.8,4.97,-0.16999999999999993
2006-09-07,4.8,4.97,-0.16999999999999993
2006-09-08,4.78,4.93,-0.14999999999999947
2006-09-11,4.8,4.93,-0.1299999999999999
2006-09-12,4.78,4.9,-0.1200000000000001
2006-09-13,4.77,4.91,-0.14000000000000057
2006-09-14,4.79,4.95,-0.16000000000000014
2006-09-15,4.8,4.96,-0.16000000000000014
2006-09-18,4.81,4.94,-0.13000000000000078
2006-09-19,4.74,4.94,-0.20000000000000018
2006-09-20,4.73,4.93,-0.1999999999999993
2006-09-21,4.65,4.92,-0.2699999999999996
2006-09-22,4.6,4.93,-0.33000000000000007
2006-09-25,4.56,4.88,-0.3200000000000003
2006-09-26,4.59,4.88,-0.29000000000000004
2006-09-27,4.6,4.88,-0.28000000000000025
2006-09-28,4.63,4.87,-0.2400000000000002
2006-09-29,4.64,4.89,-0.25
2006-10-02,4.62,4.88,-0.2599999999999998
2006-10-03,4.62,4.9,-0.28000000000000025
2006-10-04,4.57,4.93,-0.35999999999999943
2006-10-05,4.61,4.94,-0.33000000000000007
2006-10-06,4.7,4.95,-0.25
2006-10-10,4.75,5.0,-0.25
2006-10-11,4.78,5.02,-0.23999999999999932
2006-10-12,4.79,5.06,-0.2699999999999996
2006-10-13,4.81,5.05,-0.2400000000000002
2006-10-16,4.79,5.09,-0.2999999999999998
2006-10-17,4.78,5.09,-0.3099999999999996
2006-10-18,4.77,5.09,-0.3200000000000003
2006-10-19,4.79,5.1,-0.3099999999999996
2006-10-20,4.79,5.09,-0.2999999999999998
2006-10-23,4.83,5.12,-0.29000000000000004
2006-10-24,4.83,5.13,-0.2999999999999998
2006-10-25,4.78,5.12,-0.33999999999999986
2006-10-26,4.73,5.12,-0.3899999999999997
2006-10-27,4.68,5.11,-0.4300000000000006
2006-10-30,4.68,5.1,-0.41999999999999993
2006-10-31,4.61,5.08,-0.46999999999999975
2006-11-01,4.57,5.07,-0.5
2006-11-02,4.6,5.07,-0.47000000000000064
2006-11-03,4.72,5.09,-0.3700000000000001
2006-11-06,4.71,5.09,-0.3799999999999999
2006-11-07,4.66,5.08,-0.41999999999999993
2006-11-08,4.64,5.1,-0.45999999999999996
2006-11-09,4.62,5.09,-0.46999999999999975
2006-11-10,4.59,5.1,-0.5099999999999998
2006-11-13,4.61,5.09,-0.47999999999999954
2006-11-14,4.57,5.09,-0.5199999999999996
2006-11-15,4.61,5.09,-0.47999999999999954
2006-11-16,4.66,5.09,-0.4299999999999997
2006-11-17,4.61,5.09,-0.47999999999999954
2006-11-20,4.6,5.08,-0.4800000000000004
2006-11-21,4.58,5.07,-0.4900000000000002
2006-11-22,4.57,5.05,-0.47999999999999954
2006-11-24,4.55,5.04,-0.4900000000000002
2006-11-27,4.54,5.05,-0.5099999999999998
2006-11-28,4.51,5.04,-0.5300000000000002
2006-11-29,4.52,5.04,-0.5200000000000005
2006-11-30,4.46,5.03,-0.5700000000000003
2006-12-01,4.43,5.03,-0.6000000000000005
2006-12-04,4.43,5.01,-0.5800000000000001
2006-12-05,4.45,4.99,-0.54
2006-12-06,4.48,4.99,-0.5099999999999998
2006-12-07,4.49,4.98,-0.4900000000000002
2006-12-08,4.56,4.97,-0.41000000000000014
2006-12-11,4.52,4.93,-0.41000000000000014
2006-12-12,4.49,4.93,-0.4399999999999995
2006-12-13,4.58,4.94,-0.3600000000000003
2006-12-14,4.6,4.96,-0.3600000000000003
2006-12-15,4.6,4.91,-0.3100000000000005
2006-12-18,4.6,4.96,-0.3600000000000003
2006-12-19,4.6,4.96,-0.3600000000000003
2006-12-20,4.6,4.96,-0.3600000000000003
2006-12-21,4.55,4.97,-0.41999999999999993
2006-12-22,4.63,4.99,-0.3600000000000003
2006-12-26,4.61,4.99,-0.3799999999999999
2006-12-27,4.66,4.97,-0.3099999999999996
2006-12-28,4.7,5.0,-0.2999999999999998
2006-12-29,4.71,5.02,-0.3099999999999996
2007-01-02,4.68,5.07,-0.39000000000000057
2007-01-03,4.67,5.05,-0.3799999999999999
2007-01-04,4.62,5.04,-0.41999999999999993
2007-01-05,4.65,5.05,-0.39999999999999947
2007-01-08,4.66,5.08,-0.41999999999999993
2007-01-09,4.66,5.08,-0.41999999999999993
2007-01-10,4.69,5.09,-0.39999999999999947
2007-01-11,4.74,5.11,-0.3700000000000001
2007-01-12,4.77,5.09,-0.3200000000000003
2007-01-16,4.75,5.11,-0.3600000000000003
2007-01-17,4.79,5.12,-0.33000000000000007
2007-01-18,4.75,5.12,-0.3700000000000001
2007-01-19,4.78,5.14,-0.35999999999999943
2007-01-22,4.76,5.13,-0.3700000000000001
2007-01-23,4.81,5.14,-0.33000000000000007
2007-01-24,4.81,5.13,-0.3200000000000003
2007-01-25,4.87,5.14,-0.2699999999999996
2007-01-26,4.88,5.13,-0.25
2007-01-29,4.9,5.14,-0.23999999999999932
2007-01-30,4.88,5.13,-0.25
2007-01-31,4.83,5.12,-0.29000000000000004
2007-02-01,4.84,5.13,-0.29000000000000004
2007-02-02,4.83,5.14,-0.3099999999999996
2007-02-05,4.81,5.15,-0.34000000000000075
2007-02-06,4.77,5.14,-0.3700000000000001
2007-02-07,4.74,5.15,-0.41000000000000014
2007-02-08,4.73,5.16,-0.4299999999999997
2007-02-09,4.79,5.15,-0.3600000000000003
2007-02-12,4.8,5.18,-0.3799999999999999
2007-02-13,4.82,5.17,-0.34999999999999964
2007-02-14,4.74,5.16,-0.41999999999999993
2007-02-15,4.7,5.17,-0.46999999999999975
2007-02-16,4.69,5.17,-0.47999999999999954
2007-02-20,4.68,5.19,-0.5100000000000007
2007-02-21,4.69,5.18,-0.4899999999999993
2007-02-22,4.73,5.19,-0.45999999999999996
2007-02-23,4.68,5.18,-0.5
2007-02-26,4.63,5.19,-0.5600000000000005
2007-02-27,4.5,5.14,-0.6399999999999997
2007-02-28,4.56,5.16,-0.6000000000000005
2007-03-01,4.56,5.15,-0.5900000000000007
2007-03-02,4.52,5.12,-0.6000000000000005
2007-03-05,4.51,5.1,-0.5899999999999999
2007-03-06,4.53,5.14,-0.6099999999999994
2007-03-07,4.5,5.12,-0.6200000000000001
2007-03-08,4.51,5.1,-0.5899999999999999
2007-03-09,4.59,5.1,-0.5099999999999998
2007-03-12,4.56,5.09,-0.5300000000000002
2007-03-13,4.5,5.09,-0.5899999999999999
2007-03-14,4.53,5.06,-0.5299999999999994
2007-03-15,4.54,5.05,-0.5099999999999998
2007-03-16,4.55,5.04,-0.4900000000000002
2007-03-19,4.58,5.06,-0.47999999999999954
2007-03-20,4.56,5.06,-0.5
2007-03-21,4.53,5.05,-0.5199999999999996
2007-03-22,4.6,5.06,-0.45999999999999996
2007-03-23,4.62,5.08,-0.45999999999999996
2007-03-26,4.6,5.06,-0.45999999999999996
2007-03-27,4.62,5.08,-0.45999999999999996
2007-03-28,4.62,5.06,-0.4399999999999995
2007-03-29,4.64,5.05,-0.41000000000000014
2007-03-30,4.65,5.04,-0.3899999999999997
2007-04-02,4.65,5.04,-0.3899999999999997
2007-04-03,4.67,5.05,-0.3799999999999999
2007-04-04,4.66,5.07,-0.41000000000000014
2007-04-05,4.68,5.04,-0.3600000000000003
2007-04-06,4.76,5.05,-0.29000000000000004
2007-04-09,4.75,5.02,-0.2699999999999996
2007-04-10,4.73,5.03,-0.2999999999999998
2007-04-11,4.74,5.04,-0.2999999999999998
2007-04-12,4.74,5.03,-0.29000000000000004
2007-04-13,4.76,5.02,-0.2599999999999998
2007-04-16,4.74,5.01,-0.2699999999999996
2007-04-17,4.69,5.01,-0.3199999999999994
2007-04-18,4.66,5.0,-0.33999999999999986
2007-04-19,4.68,4.99,-0.3100000000000005
2007-04-20,4.68,4.99,-0.3100000000000005
2007-04-23,4.66,4.98,-0.3200000000000003
2007-04-24,4.63,4.98,-0.35000000000000053
2007-04-25,4.66,4.97,-0.3099999999999996
2007-04-26,4.69,4.96,-0.2699999999999996
2007-04-27,4.71,4.95,-0.2400000000000002
2007-04-30,4.63,4.91,-0.28000000000000025
2007-05-01,4.64,4.9,-0.2600000000000007
2007-05-02,4.65,4.91,-0.2599999999999998
2007-05-03,4.68,4.9,-0.22000000000000064
2007-05-04,4.65,4.9,-0.25
2007-05-07,4.64,4.89,-0.25
2007-05-08,4.63,4.9,-0.27000000000000046
2007-05-09,4.67,4.88,-0.20999999999999996
2007-05-10,4.65,4.87,-0.21999999999999975
2007-05-11,4.67,4.87,-0.20000000000000018
2007-05-14,4.69,4.85,-0.15999999999999925
2007-05-15,4.71,4.83,-0.1200000000000001
2007-05-16,4.71,4.75,-0.040000000000000036
2007-05-17,4.76,4.81,-0.04999999999999982
2007-05-18,4.81,4.84,-0.03000000000000025
2007-05-21,4.79,4.88,-0.08999999999999986
2007-05-22,4.83,4.93,-0.09999999999999964
2007-05-23,4.86,4.91,-0.04999999999999982
2007-05-24,4.86,4.91,-0.04999999999999982
2007-05-25,4.86,4.88,-0.019999999999999574
2007-05-29,4.88,4.9,-0.020000000000000462
2007-05-30,4.88,4.85,0.03000000000000025
2007-05-31,4.9,4.73,0.16999999999999993
2007-06-01,4.95,4.79,0.16000000000000014
2007-06-04,4.93,4.81,0.1200000000000001
2007-06-05,4.98,4.83,0.15000000000000036
2007-06-06,4.97,4.8,0.16999999999999993
2007-06-07,5.11,4.8,0.3100000000000005
2007-06-08,5.12,4.77,0.35000000000000053
2007-06-11,5.14,4.73,0.40999999999999925
2007-06-12,5.26,4.72,0.54
2007-06-13,5.2,4.66,0.54
2007-06-14,5.23,4.65,0.5800000000000001
2007-06-15,5.16,4.56,0.6000000000000005
2007-06-18,5.15,4.63,0.5200000000000005
2007-06-19,5.09,4.65,0.4399999999999995
2007-06-20,5.14,4.74,0.39999999999999947
2007-06-21,5.16,4.7,0.45999999999999996
2007-06-22,5.14,4.73,0.40999999999999925
2007-06-25,5.09,4.82,0.2699999999999996
2007-06-26,5.1,4.82,0.27999999999999936
2007-06-27,5.09,4.77,0.3200000000000003
2007-06-28,5.12,4.78,0.33999999999999986
2007-06-29,5.03,4.82,0.20999999999999996
2007-07-02,5.0,4.95,0.04999999999999982
2007-07-03,5.05,4.95,0.09999999999999964
2007-07-05,5.16,4.95,0.20999999999999996
2007-07-06,5.19,4.95,0.2400000000000002
2007-07-09,5.16,4.97,0.1900000000000004
2007-07-10,5.03,4.95,0.08000000000000007
2007-07-11,5.09,4.95,0.13999999999999968
2007-07-12,5.13,4.97,0.16000000000000014
2007-07-13,5.11,4.97,0.14000000000000057
2007-07-16,5.05,4.98,0.0699999999999994
2007-07-17,5.08,4.96,0.1200000000000001
2007-07-18,5.02,4.96,0.05999999999999961
2007-07-19,5.04,4.98,0.05999999999999961
2007-07-20,4.96,4.97,-0.009999999999999787
2007-07-23,4.97,5.02,-0.04999999999999982
2007-07-24,4.94,5.02,-0.07999999999999918
2007-07-25,4.92,4.99,-0.07000000000000028
2007-07-26,4.79,4.92,-0.1299999999999999
2007-07-27,4.8,4.85,-0.04999999999999982
2007-07-30,4.82,4.96,-0.13999999999999968
2007-07-31,4.78,4.96,-0.17999999999999972
2007-08-01,4.76,4.89,-0.1299999999999999
2007-08-02,4.77,4.89,-0.1200000000000001
2007-08-03,4.71,4.85,-0.13999999999999968
2007-08-06,4.72,4.88,-0.16000000000000014
2007-08-07,4.77,4.94,-0.17000000000000082
2007-08-08,4.84,4.95,-0.11000000000000032
2007-08-09,4.79,4.81,-0.019999999999999574
2007-08-10,4.81,4.57,0.23999999999999932
2007-08-13,4.78,4.74,0.040000000000000036
2007-08-14,4.73,4.64,0.09000000000000075
2007-08-15,4.69,4.21,0.4800000000000004
2007-08-16,4.6,3.79,0.8099999999999996
2007-08-17,4.68,3.76,0.9199999999999999
2007-08-20,4.64,3.12,1.5199999999999996
2007-08-21,4.6,3.59,1.0099999999999998
2007-08-22,4.63,3.67,0.96
2007-08-23,4.62,3.89,0.73
2007-08-24,4.63,4.24,0.3899999999999997
2007-08-27,4.6,4.63,-0.03000000000000025
2007-08-28,4.53,4.4,0.1299999999999999
2007-08-29,4.57,3.98,0.5900000000000003
2007-08-30,4.51,3.84,0.6699999999999999
2007-08-31,4.54,4.01,0.5300000000000002
2007-09-04,4.56,4.47,0.08999999999999986
2007-09-05,4.48,4.36,0.1200000000000001
2007-09-06,4.51,4.29,0.21999999999999975
2007-09-07,4.38,4.07,0.3099999999999996
2007-09-10,4.34,3.96,0.3799999999999999
2007-09-11,4.37,4.11,0.2599999999999998
2007-09-12,4.41,4.03,0.3799999999999999
2007-09-13,4.49,4.08,0.41000000000000014
2007-09-14,4.47,4.01,0.45999999999999996
2007-09-17,4.48,4.15,0.33000000000000007
2007-09-18,4.5,4.01,0.4900000000000002
2007-09-19,4.53,3.93,0.6000000000000001
2007-09-20,4.69,3.79,0.9000000000000004
2007-09-21,4.64,3.74,0.8999999999999995
2007-09-24,4.63,3.84,0.79
2007-09-25,4.63,3.79,0.8399999999999999
2007-09-26,4.63,3.73,0.8999999999999999
2007-09-27,4.58,3.71,0.8700000000000001
2007-09-28,4.59,3.82,0.77
2007-10-01,4.56,3.92,0.6399999999999997
2007-10-02,4.54,3.96,0.5800000000000001
2007-10-03,4.55,3.96,0.5899999999999999
2007-10-04,4.54,3.96,0.5800000000000001
2007-10-05,4.65,4.0,0.6500000000000004
2007-10-09,4.67,4.06,0.6100000000000003
2007-10-10,4.65,4.06,0.5900000000000007
2007-10-11,4.66,4.12,0.54
2007-10-12,4.7,4.2,0.5
2007-10-15,4.69,4.3,0.39000000000000057
2007-10-16,4.66,4.25,0.41000000000000014
2007-10-17,4.57,4.01,0.5600000000000005
2007-10-18,4.52,3.76,0.7599999999999998
2007-10-19,4.41,3.86,0.5500000000000003
2007-10-22,4.42,4.0,0.41999999999999993
2007-10-23,4.41,3.98,0.43000000000000016
2007-10-24,4.36,3.85,0.5100000000000002
2007-10-25,4.37,3.94,0.43000000000000016
2007-10-26,4.41,3.96,0.4500000000000002
2007-10-29,4.39,4.01,0.3799999999999999
2007-10-30,4.4,3.96,0.4400000000000004
2007-10-31,4.48,3.94,0.5400000000000005
2007-11-01,4.36,3.81,0.5500000000000003
2007-11-02,4.31,3.61,0.6999999999999997
2007-11-05,4.35,3.71,0.6399999999999997
2007-11-06,4.38,3.76,0.6200000000000001
2007-11-07,4.34,3.49,0.8499999999999996
2007-11-08,4.28,3.38,0.9000000000000004
2007-11-09,4.23,3.27,0.9600000000000004
2007-11-13,4.26,3.5,0.7599999999999998
2007-11-14,4.28,3.41,0.8700000000000001
2007-11-15,4.17,3.3,0.8700000000000001
2007-11-16,4.15,3.4,0.7500000000000004
2007-11-19,4.07,3.4,0.6700000000000004
2007-11-20,4.06,3.25,0.8099999999999996
2007-11-21,4.0,3.09,0.9100000000000001
2007-11-23,4.01,3.23,0.7799999999999998
2007-11-26,3.83,3.13,0.7000000000000002
2007-11-27,3.95,3.16,0.79
2007-11-28,4.03,3.05,0.9800000000000004
2007-11-29,3.94,2.99,0.9499999999999997
2007-11-30,3.97,3.15,0.8200000000000003
2007-12-03,3.89,3.06,0.8300000000000001
2007-12-04,3.89,3.07,0.8200000000000003
2007-12-05,3.92,3.07,0.8500000000000001
2007-12-06,4.02,3.09,0.9299999999999997
2007-12-07,4.12,3.12,1.0
2007-12-10,4.15,3.05,1.1000000000000005
2007-12-11,3.98,2.94,1.04
2007-12-12,4.05,2.88,1.17
2007-12-13,4.18,2.87,1.3099999999999996
2007-12-14,4.24,2.88,1.3600000000000003
2007-12-17,4.2,3.07,1.1300000000000003
2007-12-18,4.14,3.04,1.0999999999999996
2007-12-19,4.06,2.91,1.1499999999999995
2007-12-20,4.04,2.92,1.12
2007-12-21,4.18,3.0,1.1799999999999997
2007-12-24,4.23,3.33,0.9000000000000004
2007-12-26,4.3,3.32,0.98
2007-12-27,4.21,3.17,1.04
2007-12-28,4.11,3.18,0.9300000000000002
2007-12-31,4.04,3.36,0.6800000000000002
2008-01-02,3.91,3.26,0.6500000000000004
2008-01-03,3.91,3.24,0.6699999999999999
2008-01-04,3.88,3.2,0.6799999999999997
2008-01-07,3.86,3.27,0.5899999999999999
2008-01-08,3.86,3.25,0.6099999999999999
2008-01-09,3.82,3.22,0.5999999999999996
2008-01-10,3.91,3.24,0.6699999999999999
2008-01-11,3.82,3.09,0.73
2008-01-14,3.81,3.19,0.6200000000000001
2008-01-15,3.72,3.17,0.5500000000000003
2008-01-16,3.74,3.14,0.6000000000000001
2008-01-17,3.66,3.07,0.5900000000000003
2008-01-18,3.66,2.86,0.8000000000000003
2008-01-22,3.52,2.35,1.17
2008-01-23,3.51,2.21,1.2999999999999998
2008-01-24,3.68,2.37,1.31
2008-01-25,3.61,2.3,1.31
2008-01-28,3.61,2.34,1.27
2008-01-29,3.69,2.28,1.4100000000000001
2008-01-30,3.78,2.21,1.5699999999999998
2008-01-31,3.67,1.96,1.71
2008-02-01,3.62,2.1,1.52
2008-02-04,3.68,2.27,1.4100000000000001
2008-02-05,3.61,2.19,1.42
2008-02-06,3.61,2.1,1.5099999999999998
2008-02-07,3.74,2.17,1.5700000000000003
2008-02-08,3.64,2.23,1.4100000000000001
2008-02-11,3.62,2.31,1.31
2008-02-12,3.66,2.31,1.35
2008-02-13,3.7,2.28,1.4200000000000004
2008-02-14,3.85,2.31,1.54
2008-02-15,3.76,2.21,1.5499999999999998
2008-02-19,3.89,2.28,1.6100000000000003
2008-02-20,3.93,2.25,1.6800000000000002
2008-02-21,3.77,2.2,1.5699999999999998
2008-02-22,3.79,2.2,1.5899999999999999
2008-02-25,3.91,2.2,1.71
2008-02-26,3.88,2.14,1.7399999999999998
2008-02-27,3.85,1.98,1.87
2008-02-28,3.71,1.9,1.81
2008-02-29,3.53,1.85,1.6799999999999997
2008-03-03,3.54,1.7,1.84
2008-03-04,3.63,1.66,1.97
2008-03-05,3.7,1.53,2.17
2008-03-06,3.62,1.39,2.2300000000000004
2008-03-07,3.56,1.45,2.1100000000000003
2008-03-10,3.46,1.35,2.11
2008-03-11,3.6,1.48,2.12
2008-03-12,3.49,1.48,2.0100000000000002
2008-03-13,3.56,1.35,2.21
2008-03-14,3.44,1.18,2.26
2008-03-17,3.34,1.11,2.2299999999999995
2008-03-18,3.48,0.92,2.56
2008-03-19,3.38,0.61,2.77
2008-03-20,3.34,0.63,2.71
2008-03-24,3.56,1.24,2.3200000000000003
2008-03-25,3.51,1.29,2.2199999999999998
2008-03-26,3.51,1.29,2.2199999999999998
2008-03-27,3.56,1.3,2.26
2008-03-28,3.47,1.33,2.14
2008-03-31,3.45,1.38,2.0700000000000003
2008-04-01,3.57,1.4,2.17
2008-04-02,3.6,1.41,2.1900000000000004
2008-04-03,3.61,1.4,2.21
2008-04-04,3.5,1.35,2.15
2008-04-07,3.57,1.45,2.12
2008-04-08,3.58,1.41,2.17
2008-04-09,3.49,1.31,2.18
2008-04-10,3.55,1.27,2.28
2008-04-11,3.49,1.19,2.3000000000000003
2008-04-14,3.53,1.08,2.4499999999999997
2008-04-15,3.6,1.1,2.5
2008-04-16,3.72,1.12,2.6
2008-04-17,3.75,1.23,2.52
2008-04-18,3.77,1.35,2.42
2008-04-21,3.75,1.34,2.41
2008-04-22,3.74,1.27,2.47
2008-04-23,3.77,1.26,2.51
2008-04-24,3.87,1.26,2.6100000000000003
2008-04-25,3.91,1.34,2.5700000000000003
2008-04-28,3.86,1.43,2.4299999999999997
2008-04-29,3.85,1.46,2.39
2008-04-30,3.77,1.43,2.34
2008-05-01,3.78,1.45,2.33
2008-05-02,3.89,1.5,2.39
2008-05-05,3.88,1.53,2.3499999999999996
2008-05-06,3.93,1.63,2.3000000000000003
2008-05-07,3.87,1.67,2.2
2008-05-08,3.79,1.66,2.13
2008-05-09,3.77,1.69,2.08
2008-05-12,3.78,1.77,2.01
2008-05-13,3.9,1.83,2.07
2008-05-14,3.92,1.82,2.0999999999999996
2008-05-15,3.83,1.83,2.0
2008-05-16,3.85,1.84,2.01
2008-05-19,3.83,1.82,2.01
2008-05-20,3.78,1.86,1.9199999999999997
2008-05-21,3.81,1.86,1.95
2008-05-22,3.92,1.86,2.0599999999999996
2008-05-23,3.85,1.86,1.99
2008-05-27,3.93,1.89,2.04
2008-05-28,4.03,1.89,2.1400000000000006
2008-05-29,4.08,1.9,2.18
2008-05-30,4.06,1.89,2.17
2008-06-02,3.98,1.85,2.13
2008-06-03,3.92,1.85,2.07
2008-06-04,3.98,1.84,2.1399999999999997
2008-06-05,4.06,1.85,2.2099999999999995
2008-06-06,3.94,1.85,2.09
2008-06-09,4.02,1.89,2.13
2008-06-10,4.11,2.02,2.0900000000000003
2008-06-11,4.1,1.96,2.1399999999999997
2008-06-12,4.23,2.0,2.2300000000000004
2008-06-13,4.27,1.99,2.2799999999999994
2008-06-16,4.25,2.07,2.18
2008-06-17,4.23,1.99,2.24
2008-06-18,4.16,1.93,2.2300000000000004
2008-06-19,4.22,1.91,2.3099999999999996
2008-06-20,4.16,1.87,2.29
2008-06-23,4.19,1.87,2.3200000000000003
2008-06-24,4.1,1.83,2.2699999999999996
2008-06-25,4.12,1.81,2.31
2008-06-26,4.07,1.74,2.33
2008-06-27,3.99,1.68,2.3100000000000005
2008-06-30,3.99,1.9,2.0900000000000003
2008-07-01,4.01,1.87,2.1399999999999997
2008-07-02,3.99,1.82,2.17
2008-07-03,3.99,1.84,2.1500000000000004
2008-07-07,3.95,1.87,2.08
2008-07-08,3.91,1.86,2.05
2008-07-09,3.85,1.82,2.0300000000000002
2008-07-10,3.83,1.67,2.16
2008-07-11,3.96,1.62,2.34
2008-07-14,3.9,1.52,2.38
2008-07-15,3.87,1.39,2.4800000000000004
2008-07-16,3.97,1.37,2.6
2008-07-17,4.07,1.43,2.6400000000000006
2008-07-18,4.11,1.48,2.6300000000000003
2008-07-21,4.09,1.48,2.61
2008-07-22,4.14,1.55,2.59
2008-07-23,4.16,1.59,2.5700000000000003
2008-07-24,4.03,1.65,2.3800000000000003
2008-07-25,4.13,1.75,2.38
2008-07-28,4.06,1.73,2.3299999999999996
2008-07-29,4.09,1.72,2.37
2008-07-30,4.07,1.7,2.37
2008-07-31,3.99,1.68,2.3100000000000005
2008-08-01,3.97,1.66,2.3100000000000005
2008-08-04,3.98,1.75,2.23
2008-08-05,4.04,1.75,2.29
2008-08-06,4.06,1.64,2.42
2008-08-07,3.92,1.66,2.26
2008-08-08,3.94,1.7,2.24
2008-08-11,3.99,1.87,2.12
2008-08-12,3.91,1.86,2.05
2008-08-13,3.94,1.85,2.09
2008-08-14,3.89,1.89,2.0
2008-08-15,3.84,1.85,1.9899999999999998
2008-08-18,3.82,1.82,1.9999999999999998
2008-08-19,3.83,1.8,2.0300000000000002
2008-08-20,3.79,1.71,2.08
2008-08-21,3.84,1.72,2.12
2008-08-22,3.87,1.7,2.17
2008-08-25,3.79,1.74,2.05
2008-08-26,3.79,1.71,2.08
2008-08-27,3.77,1.67,2.1
2008-08-28,3.79,1.74,2.05
2008-08-29,3.83,1.72,2.1100000000000003
2008-09-02,3.74,1.72,2.0200000000000005
2008-09-03,3.71,1.7,2.01
2008-09-04,3.64,1.69,1.9500000000000002
2008-09-05,3.66,1.68,1.9800000000000002
2008-09-08,3.66,1.71,1.9500000000000002
2008-09-09,3.62,1.66,1.9600000000000002
2008-09-10,3.65,1.65,2.0
2008-09-11,3.64,1.61,2.0300000000000002
2008-09-12,3.74,1.49,2.25
2008-09-15,3.47,1.02,2.45
2008-09-16,3.48,0.84,2.64
2008-09-17,3.41,0.03,3.3800000000000003
2008-09-18,3.54,0.23,3.31
2008-09-19,3.78,0.99,2.79
2008-09-22,3.83,1.28,2.55
2008-09-23,3.85,0.8,3.05
2008-09-24,3.8,0.49,3.3099999999999996
2008-09-25,3.88,0.76,3.12
2008-09-26,3.85,0.87,2.98
2008-09-29,3.61,0.94,2.67
2008-09-30,3.85,0.92,2.93
2008-10-01,3.77,0.85,2.92
2008-10-02,3.66,0.63,3.0300000000000002
2008-10-03,3.63,0.51,3.12
2008-10-06,3.48,0.54,2.94
2008-10-07,3.5,0.82,2.68
2008-10-08,3.72,0.68,3.04
2008-10-09,3.84,0.6,3.2399999999999998
2008-10-10,3.89,0.25,3.64
2008-10-14,4.08,0.34,3.74
2008-10-15,4.04,0.22,3.82
2008-10-16,3.99,0.46,3.5300000000000002
2008-10-17,3.98,0.83,3.15
2008-10-20,3.91,1.24,2.67
2008-10-21,3.76,1.1,2.6599999999999997
2008-10-22,3.65,1.05,2.5999999999999996
2008-10-23,3.63,0.98,2.65
2008-10-24,3.76,0.89,2.8699999999999997
2008-10-27,3.79,0.84,2.95
2008-10-28,3.89,0.77,3.12
2008-10-29,3.93,0.62,3.31
2008-10-30,4.0,0.41,3.59
2008-10-31,4.01,0.46,3.55
2008-11-03,3.96,0.49,3.4699999999999998
2008-11-04,3.81,0.48,3.33
2008-11-05,3.73,0.4,3.33
2008-11-06,3.75,0.32,3.43
2008-11-07,3.83,0.31,3.52
2008-11-10,3.82,0.29,3.53
2008-11-12,3.75,0.18,3.57
2008-11-13,3.84,0.22,3.6199999999999997
2008-11-14,3.72,0.15,3.5700000000000003
2008-11-17,3.68,0.12,3.56
2008-11-18,3.53,0.12,3.4099999999999997
2008-11-19,3.38,0.07,3.31
2008-11-20,3.1,0.03,3.0700000000000003
2008-11-21,3.2,0.02,3.18
2008-11-24,3.35,0.13,3.22
2008-11-25,3.11,0.1,3.01
2008-11-26,2.99,0.05,2.9400000000000004
2008-11-28,2.93,0.01,2.9200000000000004
2008-12-01,2.72,0.07,2.6500000000000004
2008-12-02,2.68,0.06,2.62
2008-12-03,2.67,0.02,2.65
2008-12-04,2.55,0.02,2.53
2008-12-05,2.67,0.02,2.65
2008-12-08,2.77,0.03,2.74
2008-12-09,2.67,0.03,2.64
2008-12-11,2.64,0.01,2.6300000000000003
2008-12-12,2.6,0.02,2.58
2008-12-15,2.53,0.03,2.5
2008-12-16,2.37,0.04,2.33
2008-12-17,2.2,0.05,2.1500000000000004
2008-12-19,2.13,0.02,2.11
2008-12-22,2.16,0.01,2.1500000000000004
2008-12-23,2.18,0.02,2.16
2008-12-26,2.16,0.03,2.1300000000000003
2008-12-29,2.13,0.06,2.07
2008-12-30,2.11,0.1,2.01
2008-12-31,2.25,0.11,2.14
2009-01-02,2.46,0.08,2.38
2009-01-05,2.49,0.14,2.35
2009-01-06,2.51,0.14,2.3699999999999997
2009-01-07,2.52,0.11,2.41
2009-01-08,2.47,0.09,2.3800000000000003
2009-01-09,2.43,0.07,2.3600000000000003
2009-01-12,2.34,0.12,2.2199999999999998
2009-01-13,2.33,0.11,2.22
2009-01-14,2.24,0.12,2.12
2009-01-15,2.23,0.11,2.12
2009-01-16,2.36,0.12,2.2399999999999998
2009-01-20,2.4,0.13,2.27
2009-01-21,2.56,0.11,2.45
2009-01-22,2.62,0.1,2.52
2009-01-23,2.65,0.11,2.54
2009-01-26,2.7,0.14,2.56
2009-01-27,2.59,0.13,2.46
2009-01-28,2.71,0.19,2.52
2009-01-29,2.87,0.23,2.64
2009-01-30,2.87,0.24,2.63
2009-02-02,2.76,0.27,2.4899999999999998
2009-02-03,2.89,0.32,2.5700000000000003
2009-02-04,2.95,0.3,2.6500000000000004
2009-02-05,2.95,0.29,2.66
2009-02-06,3.05,0.28,2.7699999999999996
2009-02-09,3.07,0.32,2.75
2009-02-10,2.9,0.31,2.59
2009-02-11,2.78,0.3,2.48
2009-02-12,2.75,0.29,2.46
2009-02-13,2.89,0.29,2.6
2009-02-17,2.64,0.32,2.3200000000000003
2009-02-18,2.74,0.31,2.43
2009-02-19,2.85,0.3,2.5500000000000003
2009-02-20,2.78,0.27,2.51
2009-02-23,2.78,0.29,2.4899999999999998
2009-02-24,2.8,0.32,2.48
2009-02-25,2.95,0.3,2.6500000000000004
2009-02-26,2.98,0.27,2.71
2009-02-27,3.02,0.26,2.76
2009-03-02,2.91,0.28,2.63
2009-03-03,2.93,0.27,2.66
2009-03-04,3.01,0.26,2.75
2009-03-05,2.83,0.2,2.63
2009-03-06,2.83,0.21,2.62
2009-03-09,2.89,0.23,2.66
2009-03-10,2.99,0.24,2.75
2009-03-11,2.95,0.23,2.72
2009-03-12,2.89,0.22,2.67
2009-03-13,2.89,0.2,2.69
2009-03-16,2.97,0.24,2.7300000000000004
2009-03-17,3.02,0.24,2.7800000000000002
2009-03-18,2.51,0.21,2.3
2009-03-19,2.61,0.2,2.4099999999999997
2009-03-20,2.65,0.22,2.4299999999999997
2009-03-23,2.68,0.22,2.46
2009-03-24,2.68,0.21,2.47
2009-03-25,2.81,0.19,2.62
2009-03-26,2.76,0.15,2.61
2009-03-27,2.78,0.14,2.6399999999999997
2009-03-30,2.73,0.18,2.55
2009-03-31,2.71,0.21,2.5
2009-04-01,2.68,0.22,2.46
2009-04-02,2.77,0.22,2.55
2009-04-03,2.91,0.21,2.7
2009-04-06,2.95,0.2,2.75
2009-04-07,2.93,0.2,2.73
2009-04-08,2.86,0.18,2.6799999999999997
2009-04-09,2.96,0.18,2.78
2009-04-13,2.88,0.18,2.6999999999999997
2009-04-14,2.8,0.17,2.63
2009-04-15,2.82,0.15,2.67
2009-04-16,2.86,0.13,2.73
2009-04-17,2.98,0.14,2.84
2009-04-20,2.88,0.14,2.7399999999999998
2009-04-21,2.94,0.15,2.79
2009-04-22,2.98,0.14,2.84
2009-04-23,2.96,0.1,2.86
2009-04-24,3.03,0.1,2.9299999999999997
2009-04-27,2.95,0.13,2.8200000000000003
2009-04-28,3.05,0.13,2.92
2009-04-29,3.12,0.11,3.0100000000000002
2009-04-30,3.16,0.14,3.02
2009-05-01,3.21,0.16,3.05
2009-05-04,3.19,0.19,3.0
2009-05-05,3.2,0.19,3.0100000000000002
2009-05-06,3.18,0.19,2.99
2009-05-07,3.29,0.18,3.11
2009-05-08,3.29,0.19,3.1
2009-05-11,3.17,0.19,2.98
2009-05-12,3.17,0.19,2.98
2009-05-13,3.11,0.17,2.94
2009-05-14,3.1,0.16,2.94
2009-05-15,3.14,0.17,2.97
2009-05-18,3.22,0.19,3.0300000000000002
2009-05-19,3.25,0.18,3.07
2009-05-20,3.19,0.18,3.01
2009-05-21,3.35,0.19,3.16
2009-05-22,3.45,0.18,3.27
2009-05-26,3.5,0.18,3.32
2009-05-27,3.71,0.17,3.54
2009-05-28,3.67,0.15,3.52
2009-05-29,3.47,0.14,3.33
2009-06-01,3.71,0.13,3.58
2009-06-02,3.65,0.14,3.51
2009-06-03,3.56,0.14,3.42
2009-06-04,3.72,0.14,3.58
2009-06-05,3.84,0.2,3.6399999999999997
2009-06-08,3.91,0.19,3.72
2009-06-09,3.86,0.19,3.67
2009-06-10,3.98,0.18,3.8
2009-06-11,3.88,0.19,3.69
2009-06-12,3.81,0.19,3.62
2009-06-15,3.76,0.17,3.59
2009-06-16,3.67,0.17,3.5
2009-06-17,3.68,0.17,3.5100000000000002
2009-06-18,3.86,0.18,3.6799999999999997
2009-06-19,3.79,0.19,3.6
2009-06-22,3.72,0.2,3.52
2009-06-23,3.65,0.2,3.4499999999999997
2009-06-24,3.72,0.19,3.5300000000000002
2009-06-25,3.55,0.18,3.3699999999999997
2009-06-26,3.52,0.2,3.32
2009-06-29,3.51,0.2,3.3099999999999996
2009-06-30,3.53,0.19,3.34
2009-07-01,3.55,0.17,3.38
2009-07-02,3.51,0.17,3.34
2009-07-06,3.52,0.19,3.33
2009-07-07,3.47,0.19,3.2800000000000002
2009-07-08,3.33,0.18,3.15
2009-07-09,3.44,0.19,3.25
2009-07-10,3.32,0.18,3.1399999999999997
2009-07-13,3.38,0.18,3.1999999999999997
2009-07-14,3.5,0.18,3.32
2009-07-15,3.63,0.18,3.4499999999999997
2009-07-16,3.59,0.19,3.4
2009-07-17,3.67,0.17,3.5
2009-07-20,3.61,0.19,3.42
2009-07-21,3.5,0.19,3.31
2009-07-22,3.58,0.19,3.39
2009-07-23,3.72,0.19,3.5300000000000002
2009-07-24,3.7,0.18,3.52
2009-07-27,3.75,0.19,3.56
2009-07-28,3.72,0.19,3.5300000000000002
2009-07-29,3.69,0.19,3.5
2009-07-30,3.67,0.18,3.4899999999999998
2009-07-31,3.52,0.18,3.34
2009-08-03,3.66,0.19,3.47
2009-08-04,3.7,0.18,3.52
2009-08-05,3.8,0.18,3.6199999999999997
2009-08-06,3.79,0.17,3.62
2009-08-07,3.89,0.19,3.7
2009-08-10,3.8,0.19,3.61
2009-08-11,3.71,0.18,3.53
2009-08-12,3.72,0.17,3.5500000000000003
2009-08-13,3.59,0.17,3.42
2009-08-14,3.55,0.18,3.3699999999999997
2009-08-17,3.48,0.18,3.3
2009-08-18,3.51,0.18,3.3299999999999996
2009-08-19,3.45,0.17,3.2800000000000002
2009-08-20,3.42,0.17,3.25
2009-08-21,3.56,0.17,3.39
2009-08-24,3.48,0.17,3.31
2009-08-25,3.45,0.17,3.2800000000000002
2009-08-26,3.44,0.15,3.29
2009-08-27,3.47,0.15,3.3200000000000003
2009-08-28,3.46,0.15,3.31
2009-08-31,3.4,0.15,3.25
2009-09-01,3.38,0.14,3.2399999999999998
2009-09-02,3.29,0.14,3.15
2009-09-03,3.33,0.15,3.18
2009-09-04,3.45,0.14,3.31
2009-09-08,3.47,0.14,3.33
2009-09-09,3.48,0.14,3.34
2009-09-10,3.36,0.14,3.2199999999999998
2009-09-11,3.34,0.14,3.1999999999999997
2009-09-14,3.42,0.14,3.28
2009-09-15,3.47,0.13,3.3400000000000003
2009-09-16,3.48,0.1,3.38
2009-09-17,3.42,0.1,3.32
2009-09-18,3.49,0.08,3.41
2009-09-21,3.49,0.11,3.3800000000000003
2009-09-22,3.46,0.11,3.35
2009-09-23,3.44,0.11,3.33
2009-09-24,3.4,0.1,3.3
2009-09-25,3.34,0.1,3.2399999999999998
2009-09-28,3.31,0.11,3.2
2009-09-29,3.31,0.13,3.18
2009-09-30,3.31,0.14,3.17
2009-10-01,3.21,0.1,3.11
2009-10-02,3.24,0.1,3.14
2009-10-05,3.24,0.08,3.16
2009-10-06,3.27,0.08,3.19
2009-10-07,3.21,0.09,3.12
2009-10-08,3.27,0.06,3.21
2009-10-09,3.4,0.07,3.33
2009-10-13,3.34,0.07,3.27
2009-10-14,3.45,0.07,3.3800000000000003
2009-10-15,3.49,0.07,3.4200000000000004
2009-10-16,3.43,0.07,3.3600000000000003
2009-10-19,3.41,0.08,3.33
2009-10-20,3.35,0.08,3.27
2009-10-21,3.42,0.07,3.35
2009-10-22,3.44,0.06,3.38
2009-10-23,3.51,0.07,3.44
2009-10-26,3.59,0.08,3.51
2009-10-27,3.49,0.08,3.41
2009-10-28,3.44,0.07,3.37
2009-10-29,3.53,0.06,3.4699999999999998
2009-10-30,3.41,0.05,3.3600000000000003
2009-11-02,3.45,0.06,3.39
2009-11-03,3.5,0.06,3.44
2009-11-04,3.57,0.05,3.52
2009-11-05,3.57,0.04,3.53
2009-11-06,3.54,0.06,3.48
2009-11-09,3.52,0.07,3.45
2009-11-10,3.5,0.07,3.43
2009-11-12,3.45,0.07,3.3800000000000003
2009-11-13,3.43,0.06,3.37
2009-11-16,3.33,0.07,3.2600000000000002
2009-11-17,3.33,0.06,3.27
2009-11-18,3.36,0.04,3.32
2009-11-19,3.35,0.02,3.33
2009-11-20,3.36,0.02,3.34
2009-11-23,3.37,0.05,3.3200000000000003
2009-11-24,3.32,0.05,3.27
2009-11-25,3.28,0.05,3.23
2009-11-27,3.21,0.03,3.18
2009-11-30,3.21,0.06,3.15
2009-12-01,3.28,0.06,3.2199999999999998
2009-12-02,3.32,0.05,3.27
2009-12-03,3.39,0.06,3.33
2009-12-04,3.48,0.06,3.42
2009-12-07,3.44,0.04,3.4
2009-12-08,3.4,0.03,3.37
2009-12-09,3.45,0.03,3.4200000000000004
2009-12-10,3.49,0.02,3.47
2009-12-11,3.55,0.03,3.52
2009-12-14,3.56,0.04,3.52
2009-12-15,3.6,0.05,3.5500000000000003
2009-12-16,3.61,0.04,3.57
2009-12-17,3.5,0.04,3.46
2009-12-18,3.55,0.05,3.5
2009-12-21,3.69,0.08,3.61
2009-12-22,3.76,0.08,3.6799999999999997
2009-12-23,3.77,0.07,3.7
2009-12-24,3.82,0.05,3.77
2009-12-28,3.85,0.11,3.74
2009-12-29,3.82,0.1,3.7199999999999998
2009-12-30,3.8,0.05,3.75
2009-12-31,3.85,0.06,3.79
