Date,Date,spread_10_2,spread_10_3,Adj Close,Delta,Extremes,Dividend Yield,Fitted Values
2007-05-01,2007-05-01,0.009999999999999787,-0.2600000000000007,30.088339,-0.8647515627101461,Non-Extreme,6.22227417821161,30.185315139398874
2007-05-02,2007-05-02,0.0,-0.2599999999999998,30.209078,0.4012817058462428,Non-Extreme,6.22227417821161,30.18531513939887
2007-05-03,2007-05-03,-0.03000000000000025,-0.22000000000000064,30.235331,0.0869043404767168,Non-Extreme,6.22227417821161,30.098521102099436
2007-05-04,2007-05-04,-0.02999999999999936,-0.25,30.686752,1.4930248324385795,Non-Extreme,6.22227417821161,30.163616630074014
2007-05-07,2007-05-07,-0.040000000000000036,-0.25,30.896715,0.6842138262140024,Non-Extreme,6.22227417821161,30.163616630074014
2007-05-08,2007-05-08,-0.04999999999999982,-0.27000000000000046,31.033199,0.4417427548527388,Non-Extreme,6.22227417821161,30.20701364872373
2007-05-09,2007-05-09,-0.0600000000000005,-0.20999999999999996,30.844217,-0.6089671902661383,Non-Extreme,6.22227417821161,30.076822592774576
2007-05-10,2007-05-10,-0.04999999999999982,-0.21999999999999975,30.82324,-0.068009507260314,Non-Extreme,6.22227417821161,30.098521102099436
2007-05-11,2007-05-11,-0.040000000000000036,-0.20000000000000018,31.127689,0.9877254954378636,Non-Extreme,6.22227417821161,30.05512408344972
2007-05-14,2007-05-14,-0.040000000000000036,-0.15999999999999925,31.227411,0.3203642904553558,Non-Extreme,6.22227417821161,29.968330046150278
2007-05-15,2007-05-15,-0.040000000000000036,-0.1200000000000001,31.337662,0.353058407563796,Non-Extreme,6.22227417821161,29.881536008850844
2007-05-16,2007-05-16,-0.020000000000000462,-0.040000000000000036,31.489889,0.4857637433194598,Non-Extreme,6.22227417821161,29.707947934251973
2007-05-17,2007-05-17,-0.020000000000000462,-0.04999999999999982,31.573856,0.2666474943750919,Non-Extreme,6.22227417821161,29.72964644357683
2007-05-18,2007-05-18,-0.010000000000000675,-0.03000000000000025,31.552876,-0.0664473797562071,Non-Extreme,6.22227417821161,29.686249424927112
2007-05-22,2007-05-22,0.0,-0.09999999999999964,31.642099,0.2827729554668819,Non-Extreme,6.22227417821161,29.838138990201127
2007-05-23,2007-05-23,0.010000000000000675,-0.04999999999999982,31.652617,0.0332405255416133,Non-Extreme,6.22227417821161,29.72964644357683
2007-05-24,2007-05-24,0.010000000000000675,-0.04999999999999982,31.820581,0.5306480661614846,Non-Extreme,6.22227417821161,29.72964644357683
2007-05-25,2007-05-25,0.010000000000000675,-0.019999999999999574,30.880966,-2.952853060728212,Negative Extreme,6.22227417821161,29.664550915602252
2007-05-29,2007-05-29,0.0,-0.020000000000000462,30.67625,-1.0330279091297347,Non-Extreme,6.22227417821161,29.664550915602256
2007-05-30,2007-05-30,-0.009999999999999787,0.03000000000000025,30.880966,0.6673436290289759,Non-Extreme,6.22227417821161,29.556058368977958
2007-05-31,2007-05-31,-0.019999999999999574,0.16999999999999993,30.592266,-0.9348800811477276,Non-Extreme,6.22227417821161,29.25227923842993
2007-06-01,2007-06-01,-0.019999999999999574,0.16000000000000014,30.67625,0.274526901668549,Non-Extreme,6.22227417821161,29.27397774775479
2007-06-04,2007-06-04,-0.040000000000000036,0.1200000000000001,30.256325,-1.3688928731510508,Non-Extreme,6.22227417821161,29.360771785054226
2007-06-05,2007-06-05,-0.009999999999999787,0.15000000000000036,30.167076,-0.2949763396579022,Non-Extreme,6.22227417821161,29.29567625707965
2007-06-06,2007-06-06,0.0,0.16999999999999993,29.57918,-1.9488000759503528,Non-Extreme,6.22227417821161,29.25227923842993
2007-06-07,2007-06-07,0.08000000000000007,0.3100000000000005,29.337709,-0.8163546115882883,Non-Extreme,6.22227417821161,28.9485001078819
2007-06-08,2007-06-08,0.11000000000000032,0.35000000000000053,29.794388,1.5566280243627788,Non-Extreme,6.22227417821161,28.861706070582464
2007-06-11,2007-06-11,0.1299999999999999,0.40999999999999925,29.794388,0.0,Non-Extreme,6.22227417821161,28.731515014633313
2007-06-12,2007-06-12,0.17999999999999972,0.54,29.57918,-0.7223105237133937,Non-Extreme,6.22227417821161,28.449434393410144
2007-06-13,2007-06-13,0.1200000000000001,0.54,29.95188,1.2600078839237538,Non-Extreme,6.22227417821161,28.449434393410144
2007-06-14,2007-06-14,0.13000000000000078,0.5800000000000001,29.972864,0.0700590413690296,Non-Extreme,6.22227417821161,28.362640356110706
2007-06-15,2007-06-15,0.11000000000000032,0.6000000000000005,29.967613,-0.0175191800156342,Non-Extreme,6.22227417821161,28.319243337460986
2007-06-18,2007-06-18,0.14000000000000057,0.5200000000000005,29.84164,-0.4203638107579617,Non-Extreme,6.22227417821161,28.49283141205986
2007-06-19,2007-06-19,0.14999999999999947,0.4399999999999995,29.526691,-1.0554011106628258,Non-Extreme,6.22227417821161,28.666419486658736
2007-06-20,2007-06-20,0.16999999999999993,0.39999999999999947,29.316715,-0.7111396261775526,Non-Extreme,6.22227417821161,28.75321352395817
2007-06-21,2007-06-21,0.17999999999999972,0.45999999999999996,29.316715,0.0,Non-Extreme,6.22227417821161,28.623022468009015
2007-06-22,2007-06-22,0.21999999999999975,0.40999999999999925,29.180229,-0.4655569356935041,Non-Extreme,6.22227417821161,28.731515014633313
2007-06-25,2007-06-25,0.21999999999999975,0.2699999999999996,29.027996,-0.5216991271727133,Non-Extreme,6.22227417821161,29.03529414518134
2007-06-26,2007-06-26,0.1999999999999993,0.27999999999999936,29.091003,0.2170559758930617,Non-Extreme,6.22227417821161,29.013595635856483
2007-06-27,2007-06-27,0.17999999999999972,0.3200000000000003,29.290464,0.6856449741523158,Non-Extreme,6.22227417821161,28.92680159855704
2007-06-28,2007-06-28,0.16000000000000014,0.33999999999999986,29.132999,-0.5375981752969103,Non-Extreme,6.22227417821161,28.883404579907324
2007-06-29,2007-06-29,0.16000000000000014,0.20999999999999996,29.720903,2.0180002752205435,Non-Extreme,6.22227417821161,29.165485201130494
2007-07-03,2007-07-03,0.16000000000000014,0.09999999999999964,29.852144,0.4415781041376814,Non-Extreme,6.22227417821161,29.404168803703943
2007-07-05,2007-07-05,0.16999999999999993,0.20999999999999996,29.636915,-0.7733021863885696,Non-Extreme,6.22227417821161,29.165485201130494
2007-07-06,2007-07-06,0.20000000000000018,0.2400000000000002,29.615917,-0.0708508291095707,Non-Extreme,6.22227417821161,29.100389673155917
2007-07-09,2007-07-09,0.1900000000000004,0.1900000000000004,29.537186,-0.2658401561565736,Non-Extreme,6.22227417821161,29.20888221978021
2007-07-10,2007-07-10,0.1800000000000006,0.08000000000000007,29.411201,-0.4265301372987936,Non-Extreme,6.22227417821161,29.447565822353663
2007-07-11,2007-07-11,0.20000000000000018,0.13999999999999968,29.369211,-0.1427687363055946,Non-Extreme,6.22227417821161,29.31737476640451
2007-07-12,2007-07-12,0.1899999999999995,0.16000000000000014,30.083097,2.4307292422666675,Non-Extreme,6.22227417821161,29.27397774775479
2007-07-13,2007-07-13,0.16999999999999993,0.14000000000000057,30.350798,0.8898718107381113,Non-Extreme,6.22227417821161,29.317374766404505
2007-07-16,2007-07-16,0.16000000000000014,0.0699999999999994,30.193325,-0.518843030091003,Non-Extreme,6.22227417821161,29.469264331678524
2007-07-17,2007-07-17,0.16999999999999993,0.1200000000000001,30.403294,0.69541529460567,Non-Extreme,6.22227417821161,29.360771785054226
2007-07-18,2007-07-18,0.17999999999999972,0.05999999999999961,30.492531,0.2935109597006188,Non-Extreme,6.22227417821161,29.49096284100338
2007-07-19,2007-07-19,0.16999999999999993,0.05999999999999961,30.445305,-0.1548772714209864,Non-Extreme,6.22227417821161,29.49096284100338
2007-07-20,2007-07-20,0.16999999999999993,-0.009999999999999787,30.518768,0.2412950042707743,Non-Extreme,6.22227417821161,29.642852406277395
2007-07-23,2007-07-23,0.16999999999999993,-0.04999999999999982,30.256325,-0.8599396935027032,Non-Extreme,6.22227417821161,29.72964644357683
2007-07-24,2007-07-24,0.17000000000000082,-0.07999999999999918,29.653101,-1.9937120585530488,Non-Extreme,6.22227417821161,29.794741971551407
2007-07-25,2007-07-25,0.17999999999999972,-0.07000000000000028,29.668972,0.0535222268996441,Non-Extreme,6.22227417821161,29.77304346222655
2007-07-26,2007-07-26,0.23000000000000043,-0.1299999999999999,29.081619,-1.979687735726065,Non-Extreme,6.22227417821161,29.903234518175704
2007-07-27,2007-07-27,0.2400000000000002,-0.04999999999999982,28.769423,-1.0735165741632202,Non-Extreme,6.22227417821161,29.72964644357683
2007-07-30,2007-07-30,0.23000000000000043,-0.13999999999999968,28.568356,-0.6988913194400816,Non-Extreme,6.22227417821161,29.92493302750056
2007-07-31,2007-07-31,0.22000000000000064,-0.17999999999999972,28.621265,0.1852014165603356,Non-Extreme,6.22227417821161,30.0117270648
2007-08-01,2007-08-01,0.20000000000000018,-0.1299999999999999,28.451946,-0.5915846137478604,Non-Extreme,6.22227417821161,29.903234518175704
2007-08-02,2007-08-02,0.17999999999999972,-0.1200000000000001,29.02342,2.0085585710024967,Non-Extreme,6.22227417821161,29.881536008850844
2007-08-03,2007-08-03,0.25,-0.13999999999999968,28.309076,-2.4612674867400206,Non-Extreme,6.22227417821161,29.92493302750056
2007-08-07,2007-08-07,0.20999999999999996,-0.17000000000000082,28.626568,1.121520179605996,Non-Extreme,6.22227417821161,29.990028555475142
2007-08-08,2007-08-08,0.20000000000000018,-0.11000000000000032,29.282703,2.2920491202438327,Non-Extreme,6.22227417821161,29.859837499525987
2007-08-09,2007-08-09,0.2999999999999998,-0.019999999999999574,28.388453,-3.053850595691262,Negative Extreme,6.22227417821161,29.664550915602252
2007-08-10,2007-08-10,0.33999999999999986,0.23999999999999932,28.44137,0.1864032534636557,Non-Extreme,6.22227417821161,29.100389673155917
2007-08-13,2007-08-13,0.3200000000000003,0.040000000000000036,27.912222,-1.86048702998484,Non-Extreme,6.22227417821161,29.534359859653097
2007-08-14,2007-08-14,0.34000000000000075,0.09000000000000075,27.515371,-1.421782185595979,Non-Extreme,6.22227417821161,29.4258673130288
2007-08-15,2007-08-15,0.4200000000000008,0.4800000000000004,27.457161,-0.2115544798578183,Non-Extreme,6.22227417821161,28.579625449359295
2007-08-16,2007-08-16,0.5199999999999996,0.8099999999999996,28.044502,2.139117733257281,Non-Extreme,6.22227417821161,27.863574641638948
2007-08-17,2007-08-17,0.5,0.9199999999999999,28.361982,1.1320578985499536,Non-Extreme,6.22227417821161,27.624891039065496
2007-08-20,2007-08-20,0.5299999999999994,1.5199999999999996,28.256161,-0.3731086212522185,Non-Extreme,6.22227417821161,26.32298047957395
2007-08-21,2007-08-21,0.5499999999999998,1.0099999999999998,28.74297,1.7228419671023285,Non-Extreme,6.22227417821161,27.429604455141764
2007-08-22,2007-08-22,0.47999999999999954,0.96,28.933464,0.662749882840921,Non-Extreme,6.22227417821161,27.53809700176606
2007-08-23,2007-08-23,0.41999999999999993,0.73,29.330318,1.371609013009979,Non-Extreme,6.22227417821161,28.03716271623782
2007-08-24,2007-08-24,0.33000000000000007,0.3899999999999997,29.102798,-0.7757161037258389,Non-Extreme,6.22227417821161,28.77491203328303
2007-08-27,2007-08-27,0.3199999999999994,-0.03000000000000025,28.822336,-0.9636942812165348,Non-Extreme,6.22227417821161,29.686249424927112
2007-08-28,2007-08-28,0.40000000000000036,0.1299999999999999,28.356695,-1.615556074289057,Non-Extreme,6.22227417821161,29.339073275729366
2007-08-29,2007-08-29,0.4300000000000006,0.5900000000000003,28.753559,1.399542506628508,Non-Extreme,6.22227417821161,28.340941846785846
2007-08-30,2007-08-30,0.4299999999999997,0.6699999999999999,28.536617,-0.7544874705771188,Non-Extreme,6.22227417821161,28.167353772186974
2007-08-31,2007-08-31,0.3899999999999997,0.5300000000000002,28.753559,0.7602232598208805,Non-Extreme,6.22227417821161,28.471132902735
2007-09-04,2007-09-04,0.4299999999999997,0.08999999999999986,28.716513,-0.1288397029390349,Non-Extreme,6.22227417821161,29.425867313028803
2007-09-05,2007-09-05,0.4500000000000002,0.1200000000000001,28.573652,-0.4974872819690883,Non-Extreme,6.22227417821161,29.360771785054226
2007-09-06,2007-09-06,0.4299999999999997,0.21999999999999975,28.55249,-0.0740612365545725,Non-Extreme,6.22227417821161,29.143786691805634
2007-09-07,2007-09-07,0.48,0.3099999999999996,28.213837,-1.186071687618128,Non-Extreme,6.22227417821161,28.9485001078819
2007-09-10,2007-09-10,0.46999999999999975,0.3799999999999999,28.372572,0.5626140109904232,Non-Extreme,6.22227417821161,28.796610542607887
2007-09-11,2007-09-11,0.41999999999999993,0.2599999999999998,28.176788,-0.6900467113097934,Non-Extreme,6.22227417821161,29.0569926545062
2007-09-12,2007-09-12,0.45999999999999996,0.3799999999999999,28.081547,-0.3380122674025084,Non-Extreme,6.22227417821161,28.796610542607887
2007-09-13,2007-09-13,0.41000000000000014,0.41000000000000014,27.785223,-1.0552267651066447,Non-Extreme,6.22227417821161,28.73151501463331
2007-09-14,2007-09-14,0.41999999999999993,0.45999999999999996,27.700571,-0.3046655411043431,Non-Extreme,6.22227417821161,28.623022468009015
2007-09-17,2007-09-17,0.40000000000000036,0.33000000000000007,27.77994,0.2865247795794527,Non-Extreme,6.22227417821161,28.905103089232185
2007-09-18,2007-09-18,0.5,0.4900000000000002,28.430784,2.34285603208646,Non-Extreme,6.22227417821161,28.557926940034438
2007-09-19,2007-09-19,0.5300000000000002,0.6000000000000001,28.658308,0.80027339379738,Non-Extreme,6.22227417821161,28.31924333746099
2007-09-20,2007-09-20,0.5900000000000007,0.9000000000000004,28.12388,-1.8648274699260048,Non-Extreme,6.22227417821161,27.668288057715213
2007-09-21,2007-09-21,0.5800000000000001,0.8999999999999995,28.446648,1.1476652581365014,Non-Extreme,6.22227417821161,27.668288057715216
2007-09-24,2007-09-24,0.5800000000000001,0.79,28.282618,-0.5766232984638483,Non-Extreme,6.22227417821161,27.906971660288665
2007-09-25,2007-09-25,0.6299999999999999,0.8399999999999999,28.653025,1.3096630587734142,Non-Extreme,6.22227417821161,27.79847911366437
2007-09-26,2007-09-26,0.6599999999999997,0.8999999999999999,29.018131,1.274231952821738,Non-Extreme,6.22227417821161,27.668288057715216
2007-09-27,2007-09-27,0.6299999999999999,0.8700000000000001,29.240362,0.7658349877874655,Non-Extreme,6.22227417821161,27.73338358568979
2007-09-28,2007-09-28,0.6199999999999997,0.77,29.129251,-0.3799918756135819,Non-Extreme,6.22227417821161,27.950368678938382
2007-10-01,2007-10-01,0.54,0.6399999999999997,29.594891,1.5985306316321022,Non-Extreme,6.22227417821161,28.23244930016155
2007-10-02,2007-10-02,0.56,0.5800000000000001,29.912373,1.0727594840609425,Non-Extreme,6.22227417821161,28.362640356110706
2007-10-03,2007-10-03,0.5300000000000002,0.5899999999999999,29.684847,-0.7606417585124304,Non-Extreme,6.22227417821161,28.340941846785846
2007-10-04,2007-10-04,0.54,0.5800000000000001,29.684847,0.0,Non-Extreme,6.22227417821161,28.362640356110706
2007-10-05,2007-10-05,0.5700000000000003,0.6500000000000004,29.573725,-0.3743391367319552,Non-Extreme,6.22227417821161,28.21075079083669
2007-10-09,2007-10-09,0.5199999999999996,0.6100000000000003,29.504944,-0.2325746925691684,Non-Extreme,6.22227417821161,28.29754482813613
2007-10-10,2007-10-10,0.5,0.5900000000000007,29.49436,-0.0358719542053627,Non-Extreme,6.22227417821161,28.340941846785846
2007-10-11,2007-10-11,0.5300000000000002,0.54,29.504944,0.0358848267939969,Non-Extreme,6.22227417821161,28.449434393410144
2007-10-12,2007-10-12,0.46999999999999975,0.5,29.631922,0.4303617725897096,Non-Extreme,6.22227417821161,28.536228430709578
2007-10-15,2007-10-15,0.47000000000000064,0.39000000000000057,29.388523,-0.8214080747107803,Non-Extreme,6.22227417821161,28.774912033283027
2007-10-16,2007-10-16,0.54,0.41000000000000014,29.049868,-1.1523375979119443,Non-Extreme,6.22227417821161,28.73151501463331
2007-10-17,2007-10-17,0.5700000000000003,0.5600000000000005,29.150415,0.3461186123117628,Non-Extreme,6.22227417821161,28.406037374760423
2007-10-18,2007-10-18,0.5899999999999994,0.7599999999999998,28.86997,-0.9620617751068048,Non-Extreme,6.22227417821161,27.972067188263242
2007-10-19,2007-10-19,0.6100000000000003,0.5500000000000003,28.192677,-2.346012136486456,Non-Extreme,6.22227417821161,28.427735884085283
2007-10-22,2007-10-22,0.5699999999999998,0.41999999999999993,28.653025,1.6328637397576673,Non-Extreme,6.22227417821161,28.709816505308453
2007-10-23,2007-10-23,0.6000000000000001,0.43000000000000016,28.701088,0.1677414513825297,Non-Extreme,6.968376947940093,28.688117995983593
2007-10-24,2007-10-24,0.6200000000000001,0.5100000000000002,28.252462,-1.5630975383232766,Non-Extreme,6.968376947940093,28.51452992138472
2007-10-25,2007-10-25,0.6299999999999999,0.43000000000000016,28.09758,-0.5482070907661096,Non-Extreme,6.968376947940093,28.688117995983593
2007-10-26,2007-10-26,0.6400000000000001,0.4500000000000002,28.775858,2.414008608570556,Non-Extreme,6.968376947940093,28.644720977333876
2007-10-29,2007-10-29,0.5999999999999996,0.3799999999999999,29.058926,0.9836995998520708,Non-Extreme,6.968376947940093,28.796610542607887
2007-10-30,2007-10-30,0.5800000000000005,0.4400000000000004,29.213806,0.5329859747741611,Non-Extreme,6.968376947940093,28.666419486658732
2007-10-31,2007-10-31,0.5400000000000005,0.5400000000000005,29.929447,2.4496671197172937,Non-Extreme,6.968376947940093,28.44943439341014
2007-11-01,2007-11-01,0.5900000000000003,0.5500000000000003,29.219137,-2.3732814040967742,Non-Extreme,6.968376947940093,28.427735884085283
2007-11-02,2007-11-02,0.6499999999999995,0.6999999999999997,28.786535,-1.4805433849740302,Non-Extreme,6.968376947940093,28.102258244212397
2007-11-05,2007-11-05,0.6599999999999997,0.6399999999999997,28.39665,-1.354400590414927,Non-Extreme,6.968376947940093,28.23244930016155
2007-11-06,2007-11-06,0.6799999999999997,0.6200000000000001,28.466103,0.2445816672036994,Non-Extreme,6.968376947940093,28.27584631881127
2007-11-07,2007-11-07,0.73,0.8499999999999996,27.574203,-3.1332002136014183,Negative Extreme,6.968376947940093,27.77678060433951
2007-11-08,2007-11-08,0.81,0.9000000000000004,27.691677,0.4260286326317313,Non-Extreme,6.968376947940093,27.668288057715213
2007-11-09,2007-11-09,0.8100000000000005,0.9600000000000004,26.997396,-2.507182934424665,Non-Extreme,6.968376947940093,27.538097001766058
2007-11-13,2007-11-13,0.7199999999999998,0.7599999999999998,27.835876,3.12621725674297,Positive Extreme,6.968376947940093,27.972067188263242
2007-11-14,2007-11-14,0.7100000000000004,0.8700000000000001,27.980087,0.5180760253422673,Non-Extreme,6.968376947940093,27.73338358568979
2007-11-15,2007-11-15,0.8199999999999998,0.8700000000000001,27.285795,-2.481378989279057,Non-Extreme,6.968376947940093,27.73338358568979
2007-11-16,2007-11-16,0.8200000000000003,0.7500000000000004,27.312498,0.0978641084124587,Non-Extreme,6.968376947940093,27.9937656975881
2007-11-19,2007-11-19,0.8900000000000001,0.6700000000000004,26.735693,-2.1118720081920013,Non-Extreme,6.968376947940093,28.167353772186974
2007-11-20,2007-11-20,0.9199999999999995,0.8099999999999996,26.783758,0.1797783958695126,Non-Extreme,6.968376947940093,27.863574641638948
2007-11-21,2007-11-21,1.0099999999999998,0.9100000000000001,26.121504,-2.47259551852282,Non-Extreme,6.968376947940093,27.646589548390356
2007-11-23,2007-11-23,0.94,0.7799999999999998,26.730356,0.6030040417179688,Non-Extreme,6.968376947940093,27.928670169613525
2007-11-26,2007-11-26,0.9100000000000001,0.7000000000000002,26.415251,-1.178828295440581,Non-Extreme,6.968376947940093,28.102258244212397
2007-11-27,2007-11-27,0.9000000000000004,0.79,27.050802,2.4060002307000583,Non-Extreme,6.968376947940093,27.906971660288665
2007-11-28,2007-11-28,0.8600000000000003,0.9800000000000004,28.268482,4.501456186031001,Positive Extreme,6.968376947940093,27.49469998311634
2007-11-29,2007-11-29,0.8799999999999999,0.9499999999999997,28.663708,1.3981153993341453,Non-Extreme,6.968376947940093,27.55979551109092
2007-11-30,2007-11-30,0.9300000000000002,0.8200000000000003,28.305872,-1.2483939621489268,Non-Extreme,6.968376947940093,27.841876132314088
2007-12-03,2007-12-03,0.9900000000000002,0.8300000000000001,28.567575,0.9245537463039496,Non-Extreme,6.968376947940093,27.820177622989227
2007-12-04,2007-12-04,0.9900000000000002,0.8200000000000003,28.316553,-0.8786955140574673,Non-Extreme,6.968376947940093,27.841876132314088
2007-12-05,2007-12-05,1.02,0.8500000000000001,28.385986,0.2452028677360556,Non-Extreme,6.968376947940093,27.77678060433951
2007-12-06,2007-12-06,0.9899999999999998,0.9299999999999997,27.916006,-1.655676149491512,Non-Extreme,6.968376947940093,27.60319252974064
2007-12-07,2007-12-07,1.0,1.0,27.910662,-0.0191431396024234,Non-Extreme,6.968376947940093,27.451302964466624
2007-12-10,2007-12-10,0.9800000000000004,1.1000000000000005,28.343252,1.549909493368524,Non-Extreme,6.968376947940093,27.234317871218032
2007-12-11,2007-12-11,1.04,1.04,27.937359,-1.4320622065527235,Non-Extreme,6.968376947940093,27.364508927167186
2007-12-12,2007-12-12,0.98,1.17,27.899971,-0.1338279684919393,Non-Extreme,6.968376947940093,27.082428305944017
2007-12-13,2007-12-13,0.9699999999999998,1.3099999999999996,27.825207,-0.2679716047016745,Non-Extreme,6.968376947940093,26.77864917539599
2007-12-14,2007-12-14,0.9300000000000002,1.3600000000000003,27.542137,-1.0173149834967934,Non-Extreme,6.968376947940093,26.670156628771693
2007-12-17,2007-12-17,0.96,1.1300000000000003,27.291134,-0.9113417742421394,Non-Extreme,6.968376947940093,27.169222343243455
2007-12-18,2007-12-18,0.9499999999999997,1.0999999999999996,27.082844,-0.7632148960904229,Non-Extreme,6.968376947940093,27.234317871218032
2007-12-19,2007-12-19,0.9399999999999995,1.1499999999999995,27.114885,0.1183073683103574,Non-Extreme,6.968376947940093,27.125825324593738
2007-12-20,2007-12-20,0.9500000000000002,1.12,26.714338,-1.477221828527023,Non-Extreme,6.968376947940093,27.190920852568315
2007-12-21,2007-12-21,0.9899999999999998,1.1799999999999997,26.65024,-0.2399385678207759,Non-Extreme,6.968376947940093,27.06072979661916
2007-12-24,2007-12-24,0.9900000000000002,0.9000000000000004,26.890583,0.9018417845392735,Non-Extreme,6.968376947940093,27.668288057715213
2007-12-27,2007-12-27,0.9699999999999998,1.04,26.52207,-1.3704165506564143,Non-Extreme,6.968376947940093,27.364508927167186
2007-12-28,2007-12-28,0.9900000000000002,0.9300000000000002,27.130909,2.295593820542664,Non-Extreme,6.968376947940093,27.603192529740635
2007-12-31,2007-12-31,0.9900000000000002,0.6800000000000002,27.098867,-0.1181014613259016,Non-Extreme,6.968376947940093,28.145655262862114
2008-01-02,2008-01-02,1.0300000000000002,0.6500000000000004,26.810465,-1.0642585167859522,Non-Extreme,6.968376947940093,28.21075079083669
2008-01-03,2008-01-03,1.08,0.6699999999999999,26.570137,-0.8963962393043226,Non-Extreme,6.968376947940093,28.167353772186974
2008-01-04,2008-01-04,1.1399999999999997,0.6799999999999997,26.383205,-0.7035417243049924,Non-Extreme,6.968376947940093,28.145655262862114
2008-01-07,2008-01-07,1.1,0.5899999999999999,26.206966,-0.667996932139211,Non-Extreme,6.968376947940093,28.340941846785846
2008-01-08,2008-01-08,1.1,0.6099999999999999,26.169573,-0.1426834376783697,Non-Extreme,6.968376947940093,28.29754482813613
2008-01-09,2008-01-09,1.13,0.5999999999999996,26.303106,0.5102605227834627,Non-Extreme,6.968376947940093,28.31924333746099
2008-01-10,2008-01-10,1.2000000000000002,0.6699999999999999,26.874552,2.1725419043667378,Non-Extreme,6.968376947940093,28.167353772186974
2008-01-11,2008-01-11,1.23,0.73,26.847858,-0.0993281674053679,Non-Extreme,6.968376947940093,28.03716271623782
2008-01-14,2008-01-14,1.23,0.6200000000000001,26.543438,-1.133870716986064,Non-Extreme,6.968376947940093,28.27584631881127
2008-01-15,2008-01-15,1.1900000000000004,0.5500000000000003,25.907887,-2.394380863549023,Non-Extreme,6.968376947940093,28.427735884085283
2008-01-16,2008-01-16,1.2300000000000004,0.6000000000000001,25.982653,0.2885839358493432,Non-Extreme,6.968376947940093,28.31924333746099
2008-01-17,2008-01-17,1.2200000000000002,0.5900000000000003,25.694252,-1.1099751822879689,Non-Extreme,6.968376947940093,28.340941846785846
2008-01-18,2008-01-18,1.3000000000000003,0.8000000000000003,25.480623,-0.8314272001379819,Non-Extreme,6.968376947940093,27.885273150963805
2008-01-22,2008-01-22,1.44,1.17,26.344282,7.419678818435319,Positive Extreme,6.968376947940093,27.082428305944017
2008-01-23,2008-01-23,1.42,1.2999999999999998,27.532175,4.509111313035592,Positive Extreme,6.968376947940093,26.80034768472085
2008-01-24,2008-01-24,1.4300000000000002,1.31,26.98682,-1.9807915647782897,Non-Extreme,6.968376947940093,26.77864917539599
2008-01-25,2008-01-25,1.38,1.31,26.668245,-1.1804836583191451,Non-Extreme,6.968376947940093,26.77864917539599
2008-01-28,2008-01-28,1.4099999999999997,1.27,26.835632,0.6276641001310792,Non-Extreme,6.968376947940093,26.86544321269543
2008-01-29,2008-01-29,1.4,1.4100000000000001,26.98682,0.563385278200272,Non-Extreme,6.968376947940093,26.5616640821474
2008-01-30,2008-01-30,1.48,1.5699999999999998,26.943628,-0.1600484977481645,Non-Extreme,6.968376947940093,26.214487932949652
2008-01-31,2008-01-31,1.5,1.71,27.348591,1.5030010063975,Non-Extreme,6.968376947940093,25.910708802401626
2008-02-01,2008-02-01,1.5300000000000002,1.52,27.769749,1.5399623329772345,Non-Extreme,6.968376947940093,26.32298047957395
2008-02-04,2008-02-04,1.6,1.4100000000000001,27.37558,-1.4194186630927113,Non-Extreme,6.968376947940093,26.5616640821474
2008-02-05,2008-02-05,1.68,1.42,26.938219,-1.5976319040546323,Non-Extreme,6.968376947940093,26.53996557282254
2008-02-06,2008-02-06,1.65,1.5099999999999998,27.06241,0.4610215693917987,Non-Extreme,6.968376947940093,26.34467898889881
2008-02-07,2008-02-07,1.7500000000000002,1.5700000000000003,27.694141,2.334348640789932,Non-Extreme,6.968376947940093,26.214487932949652
2008-02-08,2008-02-08,1.7100000000000002,1.4100000000000001,27.300003,-1.4231818925165367,Non-Extreme,6.968376947940093,26.5616640821474
2008-02-11,2008-02-11,1.6900000000000002,1.31,27.499777,0.7317728133583042,Non-Extreme,6.968376947940093,26.77864917539599
2008-02-12,2008-02-12,1.7200000000000002,1.35,27.456581,-0.1570776373932115,Non-Extreme,6.968376947940093,26.691855138096553
2008-02-13,2008-02-13,1.7900000000000003,1.4200000000000004,27.37558,-0.2950148818602016,Non-Extreme,6.968376947940093,26.53996557282254
2008-02-14,2008-02-14,1.9200000000000002,1.54,27.024605,-1.28207329305899,Non-Extreme,6.968376947940093,26.27958346092423
2008-02-15,2008-02-15,1.8499999999999999,1.5499999999999998,26.900429,-0.4594923774094092,Non-Extreme,6.968376947940093,26.257884951599372
2008-02-19,2008-02-19,1.83,1.6100000000000003,27.294592,1.4652665948189991,Non-Extreme,6.968376947940093,26.127693895650218
2008-02-20,2008-02-20,1.79,1.6800000000000002,27.48358,0.6924008975843946,Non-Extreme,6.968376947940093,25.975804330376203
2008-02-21,2008-02-21,1.79,1.5699999999999998,27.208212,-1.0019364289513968,Non-Extreme,6.968376947940093,26.214487932949652
2008-02-22,2008-02-22,1.81,1.5899999999999999,27.267593,0.2182466087812088,Non-Extreme,6.968376947940093,26.171090914299935
2008-02-25,2008-02-25,1.7800000000000002,1.71,27.100206,-0.6138678980576008,Non-Extreme,6.968376947940093,25.910708802401626
2008-02-26,2008-02-26,1.8399999999999999,1.7399999999999998,27.418787,1.1755667097143034,Non-Extreme,6.968376947940093,25.84561327442705
2008-02-27,2008-02-27,1.8400000000000003,1.87,27.262194,-0.5711157098233315,Non-Extreme,6.968376947940093,25.56353265320388
2008-02-28,2008-02-28,1.8399999999999999,1.81,27.06241,-0.7328243647594946,Non-Extreme,6.968376947940093,25.693723709153033
2008-02-29,2008-02-29,1.88,1.6799999999999997,26.668245,-1.45650368906539,Non-Extreme,6.968376947940093,25.975804330376203
2008-03-03,2008-03-03,1.93,1.84,26.182295,-1.8222046482623773,Non-Extreme,6.968376947940093,25.628628181178456
2008-03-04,2008-03-04,1.98,1.97,25.912315,-1.0311548319198158,Non-Extreme,6.968376947940093,25.34654755995529
2008-03-05,2008-03-05,2.04,2.17,25.68014,-0.8960025377894566,Non-Extreme,6.968376947940093,24.912577373458106
2008-03-06,2008-03-06,2.09,2.2300000000000004,24.686617,-3.868837942472289,Negative Extreme,6.968376947940093,24.78238631750895
2008-03-07,2008-03-07,2.0300000000000002,2.1100000000000003,24.897198,0.853016839042795,Non-Extreme,6.968376947940093,25.04276842940726
2008-03-10,2008-03-10,1.99,2.11,24.513838,-1.5397716642651904,Non-Extreme,6.968376947940093,25.04276842940726
2008-03-11,2008-03-11,1.86,2.12,25.410156,3.6563756356715778,Positive Extreme,6.968376947940093,25.0210699200824
2008-03-12,2008-03-12,1.8600000000000003,2.0100000000000002,25.593742,0.7224906450790709,Non-Extreme,6.968376947940093,25.259753522655853
2008-03-13,2008-03-13,1.9300000000000002,2.21,25.566738,-0.1055101672901056,Non-Extreme,6.968376947940093,24.825783336158672
2008-03-14,2008-03-14,1.97,2.26,24.578634,-3.864802776169568,Negative Extreme,6.968376947940093,24.717290789534374
2008-03-17,2008-03-17,1.9899999999999998,2.2299999999999995,23.930687,-2.636220548302245,Negative Extreme,6.968376947940093,24.78238631750895
2008-03-18,2008-03-18,1.9,2.56,25.123987,4.986484508363678,Positive Extreme,6.968376947940093,24.0663355097886
2008-03-19,2008-03-19,1.8399999999999999,2.77,24.600224,-2.0847129080268942,Non-Extreme,6.968376947940093,23.61066681396656
2008-03-20,2008-03-20,1.7499999999999998,2.71,25.204985,2.458355663753305,Non-Extreme,6.968376947940093,23.740857869915715
2008-03-24,2008-03-24,1.72,2.3200000000000003,25.820526,2.442139917956707,Non-Extreme,6.968376947940093,24.58709973358522
2008-03-25,2008-03-25,1.7199999999999998,2.2199999999999998,26.257891,1.6938655703605718,Non-Extreme,6.968376947940093,24.80408482683381
2008-03-26,2008-03-26,1.7999999999999998,2.2199999999999998,25.609936,-2.46765819844404,Non-Extreme,6.968376947940093,24.80408482683381
2008-03-27,2008-03-27,1.83,2.26,25.788115,0.6957416840088944,Non-Extreme,6.968376947940093,24.717290789534374
2008-03-28,2008-03-28,1.8000000000000003,2.14,24.800005,-3.831648804109965,Negative Extreme,6.968376947940093,24.977672901432683
2008-03-31,2008-03-31,1.83,2.0700000000000003,25.890715,4.3980233068501455,Positive Extreme,6.968376947940093,25.129562466706695
2008-04-01,2008-04-01,1.7699999999999998,2.17,26.344282,1.7518519670082482,Non-Extreme,6.968376947940093,24.912577373458106
2008-04-02,2008-04-02,1.7200000000000002,2.1900000000000004,26.209286,-0.5124299838576015,Non-Extreme,6.968376947940093,24.869180354808385
2008-04-03,2008-04-03,1.7,2.21,26.274082,0.247225353639932,Non-Extreme,6.968376947940093,24.825783336158672
2008-04-04,2008-04-04,1.67,2.15,25.874517,-1.5207572237918685,Non-Extreme,6.968376947940093,24.955974392107827
2008-04-07,2008-04-07,1.6199999999999999,2.12,25.928509,0.2086686294472564,Non-Extreme,6.968376947940093,25.0210699200824
2008-04-08,2008-04-08,1.71,2.17,25.620735,-1.187010020514479,Non-Extreme,6.968376947940093,24.912577373458106
2008-04-09,2008-04-09,1.7200000000000002,2.18,25.399364,-0.8640306376846772,Non-Extreme,6.968376947940093,24.890878864133246
2008-04-10,2008-04-10,1.7099999999999997,2.28,25.528946,0.5101781288696944,Non-Extreme,6.968376947940093,24.673893770884657
2008-04-11,2008-04-11,1.7300000000000002,2.3000000000000003,25.042992,-1.9035411802743425,Non-Extreme,6.968376947940093,24.630496752234937
2008-04-14,2008-04-14,1.7499999999999998,2.4499999999999997,24.729822,-1.250529489447599,Non-Extreme,6.968376947940093,24.305019112362054
2008-04-15,2008-04-15,1.76,2.5,24.746014,0.0654756026954023,Non-Extreme,6.968376947940093,24.196526565737756
2008-04-16,2008-04-16,1.7400000000000002,2.6,25.307577,2.269306887161705,Non-Extreme,6.968376947940093,23.979541472489164
2008-04-17,2008-04-17,1.62,2.52,25.566738,1.0240450913179182,Non-Extreme,6.968376947940093,24.153129547088035
2008-04-18,2008-04-18,1.58,2.42,25.950111,1.4994990757131348,Non-Extreme,6.968376947940093,24.370114640336627
2008-04-21,2008-04-21,1.5499999999999998,2.41,26.365875,1.6021665572066317,Non-Extreme,6.968376947940093,24.391813149661488
2008-04-22,2008-04-22,1.5,2.47,26.202204,-0.6207683226898436,Non-Extreme,6.968376947940093,24.261622093712333
2008-04-23,2008-04-23,1.5499999999999998,2.51,25.918541,-1.0825921361424296,Non-Extreme,6.968376947940093,24.174828056412895
2008-04-24,2008-04-24,1.46,2.6100000000000003,26.180393,1.0102883491782872,Non-Extreme,6.968376947940093,23.957842963164303
2008-04-25,2008-04-25,1.4700000000000002,2.5700000000000003,26.234945,0.2083696757340543,Non-Extreme,6.968376947940093,24.04463700046374
2008-04-28,2008-04-28,1.5,2.4299999999999997,26.125837,-0.4158880455057142,Non-Extreme,6.968376947940093,24.34841613101177
2008-04-29,2008-04-29,1.5,2.39,25.66758,-1.7540375835614364,Non-Extreme,6.968376947940093,24.435210168311205
2008-04-30,2008-04-30,1.48,2.34,26.196753,2.0616396247717943,Non-Extreme,6.968376947940093,24.543702714935502
2008-05-01,2008-05-01,1.4099999999999997,2.33,26.840485,2.4572969024061875,Non-Extreme,6.968376947940093,24.56540122426036
2008-05-02,2008-05-02,1.42,2.39,27.320574,1.7886748320680477,Non-Extreme,6.968376947940093,24.435210168311205
2008-05-05,2008-05-05,1.46,2.3499999999999996,26.567722,-2.7556229235886507,Negative Extreme,6.968376947940093,24.522004205610642
2008-05-06,2008-05-06,1.5500000000000003,2.3000000000000003,26.540442,-0.1026809901127431,Non-Extreme,6.968376947940093,24.630496752234937
2008-05-07,2008-05-07,1.56,2.2,26.354956,-0.6988805988988328,Non-Extreme,6.968376947940093,24.84748184548353
2008-05-08,2008-05-08,1.54,2.13,26.649553,1.1178049396098386,Non-Extreme,6.968376947940093,24.999371410757544
2008-05-09,2008-05-09,1.52,2.08,26.502266,-0.5526809399017018,Non-Extreme,6.968376947940093,25.107863957381838
2008-05-12,2008-05-12,1.48,2.01,26.589542,0.3293152366669431,Non-Extreme,6.968376947940093,25.259753522655853
2008-05-13,2008-05-13,1.4299999999999997,2.07,26.524092,-0.2461494071616653,Non-Extreme,6.968376947940093,25.129562466706698
2008-05-14,2008-05-14,1.3900000000000001,2.0999999999999996,27.195097,2.52979442236892,Non-Extreme,6.968376947940093,25.06446693873212
2008-05-15,2008-05-15,1.38,2.0,27.620619,1.564701166537486,Non-Extreme,6.968376947940093,25.281452031980713
2008-05-16,2008-05-16,1.38,2.01,27.54969,-0.2567972861144174,Non-Extreme,6.968376947940093,25.259753522655853
2008-05-20,2008-05-20,1.44,1.9199999999999997,27.555149,0.0198151049975585,Non-Extreme,6.968376947940093,25.455040106579585
2008-05-21,2008-05-21,1.4,1.95,26.955065,-2.1777563242354416,Non-Extreme,6.968376947940093,25.389944578605007
2008-05-22,2008-05-22,1.3599999999999999,2.0599999999999996,27.495142,2.003619727869326,Non-Extreme,6.968376947940093,25.15126097603156
2008-05-23,2008-05-23,1.3900000000000001,1.99,27.178726,-1.150806931639052,Non-Extreme,6.968376947940093,25.30315054130557
2008-05-27,2008-05-27,1.3800000000000003,2.04,26.720465,-2.333016030813393,Non-Extreme,6.968376947940093,25.194657994681275
2008-05-28,2008-05-28,1.4100000000000001,2.1400000000000006,26.982334,0.9800315975040134,Non-Extreme,6.968376947940093,24.977672901432683
2008-05-29,2008-05-29,1.4100000000000001,2.18,27.566053,2.1633376860578424,Non-Extreme,6.968376947940093,24.890878864133246
2008-05-30,2008-05-30,1.3999999999999995,2.17,27.713362,0.5343855357167017,Non-Extreme,6.968376947940093,24.912577373458106
2008-06-02,2008-06-02,1.4700000000000002,2.13,27.495142,-0.7874179971379826,Non-Extreme,6.968376947940093,24.999371410757544
2008-06-03,2008-06-03,1.4699999999999998,2.07,27.495142,0.0,Non-Extreme,6.968376947940093,25.129562466706698
2008-06-04,2008-06-04,1.5099999999999998,2.1399999999999997,27.467855,-0.0992429862700879,Non-Extreme,6.968376947940093,24.977672901432683
2008-06-05,2008-06-05,1.5399999999999996,2.2099999999999995,27.609709,0.5164363944690934,Non-Extreme,6.968376947940093,24.825783336158672
2008-06-06,2008-06-06,1.54,2.09,27.102354,-1.8375963325075264,Non-Extreme,6.968376947940093,25.08616544805698
2008-06-09,2008-06-09,1.2899999999999996,2.13,26.949591,-0.5636521462305328,Non-Extreme,6.968376947940093,24.999371410757544
2008-06-10,2008-06-10,1.2000000000000002,2.0900000000000003,27.036888,0.3239269939198688,Non-Extreme,6.968376947940093,25.086165448056978
2008-06-11,2008-06-11,1.2699999999999996,2.1399999999999997,26.34951,-2.5423710006861824,Non-Extreme,6.968376947940093,24.977672901432683
2008-06-12,2008-06-12,1.2000000000000006,2.2300000000000004,26.414968,0.2484220769190758,Non-Extreme,6.968376947940093,24.78238631750895
2008-06-13,2008-06-13,1.2199999999999998,2.2799999999999994,26.731377,1.197839800525218,Non-Extreme,6.968376947940093,24.673893770884657
2008-06-16,2008-06-16,1.23,2.18,27.162357,1.6122626230590429,Non-Extreme,6.968376947940093,24.890878864133246
2008-06-17,2008-06-17,1.2900000000000005,2.24,27.156904,-0.0200755773882187,Non-Extreme,6.968376947940093,24.76068780818409
2008-06-18,2008-06-18,1.27,2.2300000000000004,26.813217,-1.2655603157119797,Non-Extreme,6.968376947940093,24.78238631750895
2008-06-19,2008-06-19,1.2299999999999995,2.3099999999999996,26.67137,-0.5290189536003906,Non-Extreme,6.968376947940093,24.60879824291008
2008-06-20,2008-06-20,1.2800000000000002,2.29,25.967636,-2.638537128014049,Negative Extreme,6.968376947940093,24.652195261559797
2008-06-23,2008-06-23,1.2100000000000004,2.3200000000000003,25.22024,-2.8781826732321667,Negative Extreme,6.968376947940093,24.58709973358522
2008-06-24,2008-06-24,1.2299999999999995,2.2699999999999996,25.411175,0.7570705116208237,Non-Extreme,6.968376947940093,24.695592280209517
2008-06-25,2008-06-25,1.3000000000000003,2.31,25.771231,1.4169199181068963,Non-Extreme,6.968376947940093,24.608798242910076
2008-06-26,2008-06-26,1.3900000000000001,2.33,25.105679,-2.5825386455152324,Non-Extreme,6.968376947940093,24.56540122426036
2008-06-27,2008-06-27,1.3400000000000003,2.3100000000000005,25.105679,0.0,Non-Extreme,6.968376947940093,24.608798242910076
2008-06-30,2008-06-30,1.3600000000000003,2.0900000000000003,25.002022,-0.4128826788552436,Non-Extreme,6.968376947940093,25.086165448056978
2008-07-02,2008-07-02,1.3900000000000001,2.17,24.003689,-3.993009045428401,Negative Extreme,6.968376947940093,24.912577373458106
2008-07-03,2008-07-03,1.4500000000000002,2.1500000000000004,24.729258,3.022739546408888,Positive Extreme,6.968376947940093,24.955974392107823
2008-07-07,2008-07-07,1.48,2.08,24.832914,1.5618361092287794,Non-Extreme,6.968376947940093,25.107863957381838
2008-07-08,2008-07-08,1.44,2.05,25.094769,1.0544674700681549,Non-Extreme,6.968376947940093,25.172959485356415
2008-07-09,2008-07-09,1.44,2.0300000000000002,24.090971,-4.00002885063417,Negative Extreme,6.968376947940093,25.216356504006132
2008-07-10,2008-07-10,1.3900000000000001,2.16,23.801847,-1.2001342743719257,Non-Extreme,6.968376947940093,24.934275882782966
2008-07-11,2008-07-11,1.37,2.34,23.179924,-2.6129190730450413,Non-Extreme,6.968376947940093,24.543702714935502
2008-07-14,2008-07-14,1.4299999999999997,2.38,22.38344,-3.436094095908164,Negative Extreme,6.968376947940093,24.456908677636065
2008-07-15,2008-07-15,1.48,2.4800000000000004,21.919739,-2.071625272969661,Non-Extreme,6.968376947940093,24.239923584387473
2008-07-16,2008-07-16,1.5300000000000002,2.6,23.349041,6.520615961713777,Positive Extreme,6.968376947940093,23.979541472489164
2008-07-17,2008-07-17,1.4900000000000002,2.6400000000000006,24.194635,3.621536319200441,Positive Extreme,6.968376947940093,23.892747435189726
2008-07-18,2008-07-18,1.4500000000000002,2.6300000000000003,24.385571,0.7891666892267526,Non-Extreme,6.968376947940093,23.914445944514586
2008-07-21,2008-07-21,1.4299999999999997,2.61,24.18371,-0.8277886952083157,Non-Extreme,6.968376947940093,23.957842963164303
2008-07-22,2008-07-22,1.3999999999999995,2.59,24.950663,3.171362044946773,Positive Extreme,6.968376947940093,24.001239981814024
2008-07-23,2008-07-23,1.35,2.5700000000000003,25.579676,2.521027196752249,Non-Extreme,6.968376947940093,24.04463700046374
2008-07-24,2008-07-24,1.4200000000000004,2.3800000000000003,24.404425,-4.594471798626376,Negative Extreme,6.968376947940093,24.456908677636065
2008-07-25,2008-07-25,1.4299999999999997,2.38,24.785139,1.560020365159192,Non-Extreme,6.968376947940093,24.456908677636065
2008-07-28,2008-07-28,1.4699999999999998,2.3299999999999996,24.12303,-2.6713951452925118,Negative Extreme,6.968376947940093,24.565401224260363
2008-07-29,2008-07-29,1.44,2.37,25.1493,4.254316311010682,Positive Extreme,6.968376947940093,24.47860718696092
2008-07-30,2008-07-30,1.4300000000000002,2.37,25.723135,2.281713606342916,Non-Extreme,6.968376947940093,24.47860718696092
2008-07-31,2008-07-31,1.4700000000000002,2.3100000000000005,26.070744,1.351347726472695,Non-Extreme,6.968376947940093,24.608798242910076
2008-08-01,2008-08-01,1.4600000000000004,2.3100000000000005,25.778309,-1.121697946172925,Non-Extreme,6.968376947940093,24.608798242910076
2008-08-05,2008-08-05,1.5,2.29,26.650099,3.381874272668548,Positive Extreme,6.968376947940093,24.652195261559797
2008-08-06,2008-08-06,1.4999999999999996,2.42,26.550774,-0.3727003040401475,Non-Extreme,6.968376947940093,24.370114640336627
2008-08-07,2008-08-07,1.4899999999999998,2.26,25.734169,-3.075635384490106,Negative Extreme,6.968376947940093,24.717290789534374
2008-08-08,2008-08-08,1.4300000000000002,2.24,26.285942,2.144125967308278,Non-Extreme,6.968376947940093,24.76068780818409
2008-08-11,2008-08-11,1.4300000000000002,2.12,26.44043,0.587720995503987,Non-Extreme,6.968376947940093,25.0210699200824
2008-08-12,2008-08-12,1.46,2.05,26.004539,-1.6485775760832864,Non-Extreme,6.968376947940093,25.172959485356415
2008-08-13,2008-08-13,1.44,2.09,25.463804,-2.079386987017926,Non-Extreme,6.968376947940093,25.08616544805698
2008-08-14,2008-08-14,1.44,2.0,26.043156,2.2751981597093667,Non-Extreme,6.968376947940093,25.281452031980713
2008-08-15,2008-08-15,1.44,1.9899999999999998,25.96039,-0.3178032647041681,Non-Extreme,6.968376947940093,25.30315054130557
2008-08-18,2008-08-18,1.4699999999999998,1.9999999999999998,25.717619,-0.9351592946022812,Non-Extreme,6.968376947940093,25.281452031980713
2008-08-19,2008-08-19,1.5100000000000002,2.0300000000000002,24.851347,-3.3683989174892077,Negative Extreme,6.968376947940093,25.216356504006132
2008-08-20,2008-08-20,1.54,2.08,24.994801,0.5772483881859539,Non-Extreme,6.968376947940093,25.107863957381838
2008-08-21,2008-08-21,1.5099999999999998,2.12,24.983784,-0.0440771662874969,Non-Extreme,6.968376947940093,25.0210699200824
2008-08-22,2008-08-22,1.4500000000000002,2.17,25.38105,1.590095399479912,Non-Extreme,6.968376947940093,24.912577373458106
2008-08-25,2008-08-25,1.46,2.05,24.906528,-1.8695916835591784,Non-Extreme,6.968376947940093,25.172959485356415
2008-08-26,2008-08-26,1.44,2.08,24.349251,-2.2374736454635613,Non-Extreme,6.968376947940093,25.107863957381838
2008-08-27,2008-08-27,1.46,2.1,24.994801,2.6512109140441327,Non-Extreme,6.968376947940093,25.06446693873212
2008-08-28,2008-08-28,1.42,2.05,26.55629,6.247255179187071,Positive Extreme,6.968376947940093,25.172959485356415
2008-08-29,2008-08-29,1.4700000000000002,2.1100000000000003,26.89839,1.2882070500058498,Non-Extreme,6.968376947940093,25.04276842940726
2008-09-02,2008-09-02,1.4800000000000004,2.0200000000000005,26.848728,-0.1846281506067756,Non-Extreme,6.968376947940093,25.238055013330992
2008-09-03,2008-09-03,1.4500000000000002,2.01,27.389463,2.014006026654216,Non-Extreme,6.968376947940093,25.259753522655853
2008-09-04,2008-09-04,1.44,1.9500000000000002,26.760447,-2.296562002694248,Non-Extreme,6.968376947940093,25.389944578605007
2008-09-05,2008-09-05,1.4300000000000002,1.9800000000000002,26.727329,-0.1237572750559742,Non-Extreme,6.968376947940093,25.32484905063043
2008-09-08,2008-09-08,1.3600000000000003,1.9500000000000002,26.815622,0.3303472636566122,Non-Extreme,6.968376947940093,25.389944578605007
2008-09-09,2008-09-09,1.3900000000000001,1.9600000000000002,26.429394,-1.440309682169605,Non-Extreme,6.968376947940093,25.368246069280147
2008-09-10,2008-09-10,1.4299999999999997,2.0,27.323248,3.382045006404616,Positive Extreme,6.968376947940093,25.281452031980713
2008-09-11,2008-09-11,1.46,2.0300000000000002,27.566019,0.8885144255177906,Non-Extreme,6.968376947940093,25.216356504006132
2008-09-12,2008-09-12,1.5100000000000002,2.25,27.146675,-1.5212352570750327,Non-Extreme,6.968376947940093,24.738989298859234
2008-09-15,2008-09-15,1.6900000000000002,2.45,26.53974,-2.2357618382361744,Non-Extreme,6.968376947940093,24.30501911236205
2008-09-16,2008-09-16,1.59,2.64,25.656918,-3.326415405727401,Negative Extreme,6.968376947940093,23.892747435189726
2008-09-17,2008-09-17,1.7700000000000002,3.3800000000000003,24.691338,-3.7634294189193054,Negative Extreme,6.968376947940093,22.28705774515015
2008-09-18,2008-09-18,1.76,3.31,26.479053,7.240251621844076,Positive Extreme,6.968376947940093,22.438947310424165
2008-09-19,2008-09-19,1.6199999999999997,2.79,28.37711,7.168145326043184,Positive Extreme,6.968376947940093,23.56726979531684
2008-09-22,2008-09-22,1.7000000000000002,2.55,27.588085,-2.7804980845477174,Negative Extreme,6.968376947940093,24.088034019113458
2008-09-23,2008-09-23,1.7400000000000002,3.05,27.858458,0.9800354029647194,Non-Extreme,6.968376947940093,23.003108552870504
2008-09-24,2008-09-24,1.77,3.3099999999999996,28.277792,1.5052304761448132,Non-Extreme,6.968376947940093,22.43894731042417
2008-09-25,2008-09-25,1.7199999999999998,3.12,28.415739,0.4878280454145675,Non-Extreme,6.968376947940093,22.85121898759649
2008-09-26,2008-09-26,1.7400000000000002,2.98,28.095715,-1.1262209298867791,Non-Extreme,6.968376947940093,23.15499811814452
2008-09-29,2008-09-29,1.91,2.67,26.208687,-6.716426330492024,Negative Extreme,6.968376947940093,23.82765190721515
2008-09-30,2008-09-30,1.85,2.93,27.86397,6.315779954943936,Positive Extreme,6.968376947940093,23.263490664768813
2008-10-01,2008-10-01,1.95,2.92,28.084679,0.7920945938428837,Non-Extreme,6.968376947940093,23.285189174093674
2008-10-02,2008-10-02,2.04,3.0300000000000002,27.008739,-3.831056783664868,Negative Extreme,6.968376947940093,23.04650557152022
2008-10-03,2008-10-03,2.03,3.12,27.163231,0.5720074528470255,Non-Extreme,6.968376947940093,22.85121898759649
2008-10-06,2008-10-06,2.05,2.94,26.429394,-2.7015821497818178,Negative Extreme,6.968376947940093,23.241792155443953
2008-10-07,2008-10-07,2.0300000000000002,2.68,24.901003,-5.782921091569483,Negative Extreme,6.968376947940093,23.805953397890292
2008-10-08,2008-10-08,2.0700000000000003,3.04,25.105165,0.81989468456351,Non-Extreme,6.968376947940093,23.024807062195364
2008-10-09,2008-10-09,2.19,3.2399999999999998,22.842939,-9.01099833440648,Negative Extreme,6.968376947940093,22.59083687569818
2008-10-10,2008-10-10,2.27,3.64,22.622234,-0.9661847803384772,Non-Extreme,6.968376947940093,21.722896502703815
2008-10-14,2008-10-14,2.26,3.74,25.932804,14.634142675741051,Positive Extreme,6.968376947940093,21.505911409455223
2008-10-15,2008-10-15,2.4000000000000004,3.82,24.829285,-4.25530150923904,Negative Extreme,6.968376947940093,21.33232333485635
2008-10-16,2008-10-16,2.38,3.5300000000000002,25.193451,1.4666793667236124,Non-Extreme,6.968376947940093,21.961580105277264
2008-10-17,2008-10-17,2.34,3.15,25.518982,1.2921254813403753,Non-Extreme,6.968376947940093,22.786123459621912
2008-10-20,2008-10-20,2.2,2.67,27.494299,7.740579150061707,Positive Extreme,6.968376947940093,23.82765190721515
2008-10-21,2008-10-21,2.1799999999999997,2.6599999999999997,26.655613,-3.050399648305282,Negative Extreme,6.968376947940093,23.84935041654001
2008-10-22,2008-10-22,2.12,2.5999999999999996,25.739693,-3.436124316480735,Negative Extreme,6.968376947940093,23.979541472489164
2008-10-23,2008-10-23,2.09,2.65,26.487051,2.9035233637013538,Positive Extreme,7.5508594746919915,23.87104892586487
2008-10-24,2008-10-24,2.1899999999999995,2.8699999999999997,25.934893,-2.0846337329134985,Non-Extreme,7.5508594746919915,23.393681720717968
2008-10-27,2008-10-27,2.2,2.95,23.703932,-8.602160032046404,Negative Extreme,7.5508594746919915,23.220093646119096
2008-10-28,2008-10-28,2.24,3.12,25.098295,5.882412251267014,Positive Extreme,7.5508594746919915,22.85121898759649
2008-10-29,2008-10-29,2.35,3.31,25.338116,0.9555270587105584,Non-Extreme,7.5508594746919915,22.438947310424165
2008-10-30,2008-10-30,2.41,3.59,26.537252,4.7325381255654495,Positive Extreme,7.5508594746919915,21.831389049328113
2008-10-31,2008-10-31,2.4499999999999997,3.55,26.124533,-1.5552439265376807,Non-Extreme,7.5508594746919915,21.918183086627547
2008-11-03,2008-11-03,2.51,3.4699999999999998,25.990662,-0.5124340404477247,Non-Extreme,7.5508594746919915,22.091771161226422
2008-11-04,2008-11-04,2.42,3.33,26.548412,2.1459630385713093,Non-Extreme,7.5508594746919915,22.39555029177445
2008-11-05,2008-11-05,2.37,3.33,26.052017,-1.869772851197276,Non-Extreme,7.5508594746919915,22.39555029177445
2008-11-06,2008-11-06,2.4699999999999998,3.43,26.04645,-0.0213687869158046,Non-Extreme,7.5508594746919915,22.178565198525856
2008-11-07,2008-11-07,2.5,3.52,26.408976,1.391844186059901,Non-Extreme,7.5508594746919915,21.983278614602124
2008-11-10,2008-11-10,2.55,3.53,26.425705,0.0633458866409721,Non-Extreme,7.5508594746919915,21.961580105277267
2008-11-12,2008-11-12,2.56,3.57,24.490349,-5.468264519726766,Negative Extreme,7.5508594746919915,21.87478606797783
2008-11-13,2008-11-13,2.5999999999999996,3.6199999999999997,25.795458,5.3290747306214445,Positive Extreme,7.5508594746919915,21.766293521353536
2008-11-14,2008-11-14,2.5,3.5700000000000003,24.81942,-3.783759140853398,Negative Extreme,7.5508594746919915,21.87478606797783
2008-11-17,2008-11-17,2.46,3.56,24.18359,-2.5618245712430108,Non-Extreme,7.5508594746919915,21.896484577302687
2008-11-18,2008-11-18,2.38,3.4099999999999997,24.283979,0.415112065661053,Non-Extreme,7.5508594746919915,22.221962217175577
2008-11-19,2008-11-19,2.29,3.31,22.973301,-5.39729506437145,Negative Extreme,7.5508594746919915,22.438947310424165
2008-11-20,2008-11-20,2.1,3.0700000000000003,19.883417,-13.449891245494053,Negative Extreme,7.5508594746919915,22.959711534220784
2008-11-21,2008-11-21,2.1100000000000003,3.18,20.346346,2.328216523347064,Non-Extreme,7.5508594746919915,22.721027931647335
2008-11-24,2008-11-24,2.04,3.22,21.751854,6.907913588022149,Positive Extreme,7.5508594746919915,22.634233894347897
2008-11-25,2008-11-25,1.96,3.01,22.03072,1.2820332464533697,Non-Extreme,7.5508594746919915,23.08990259016994
2008-11-26,2008-11-26,1.9000000000000001,2.9400000000000004,21.818785,-0.9619976106091878,Non-Extreme,7.5508594746919915,23.241792155443953
2008-11-28,2008-11-28,1.9300000000000002,2.9200000000000004,24.083204,11.05971644618927,Positive Extreme,7.5508594746919915,23.285189174093674
2008-12-01,2008-12-01,1.8200000000000003,2.6500000000000004,21.997253,-8.661434749296639,Negative Extreme,7.5508594746919915,23.87104892586487
2008-12-02,2008-12-02,1.7800000000000002,2.62,21.138342,-3.9046284551984702,Negative Extreme,7.5508594746919915,23.936144453839447
2008-12-03,2008-12-03,1.7999999999999998,2.65,21.333546,0.9234593706545046,Non-Extreme,7.5508594746919915,23.87104892586487
2008-12-04,2008-12-04,1.73,2.53,20.731188,-2.823524977985371,Negative Extreme,7.5508594746919915,24.13143103776318
2008-12-05,2008-12-05,1.7399999999999998,2.65,20.301727,-2.0715696563072017,Non-Extreme,7.5508594746919915,23.87104892586487
2008-12-08,2008-12-08,1.8,2.74,20.915241,3.0219793616572725,Positive Extreme,7.5508594746919915,23.675762341941137
2008-12-09,2008-12-09,1.83,2.64,19.682634,-5.893343519206886,Negative Extreme,7.5508594746919915,23.892747435189726
2008-12-11,2008-12-11,1.85,2.6300000000000003,18.94084,-3.6595636633011366,Negative Extreme,7.5508594746919915,23.914445944514586
2008-12-12,2008-12-12,1.82,2.58,19.409344,2.4735122623917385,Non-Extreme,7.5508594746919915,24.02293849113888
2008-12-15,2008-12-15,1.7799999999999998,2.5,19.102589,-1.5804501172219036,Non-Extreme,7.5508594746919915,24.196526565737756
2008-12-16,2008-12-16,1.7200000000000002,2.33,19.465117,1.89779511039054,Non-Extreme,7.5508594746919915,24.56540122426036
2008-12-17,2008-12-17,1.4700000000000002,2.1500000000000004,19.331261,-0.6876711812212482,Non-Extreme,7.5508594746919915,24.955974392107823
2008-12-19,2008-12-19,1.39,2.11,19.242018,0.7298958272096173,Non-Extreme,7.5508594746919915,25.04276842940726
2008-12-22,2008-12-22,1.29,2.1500000000000004,18.907372,-1.739141913285825,Non-Extreme,7.5508594746919915,24.955974392107823
2008-12-23,2008-12-23,1.2800000000000002,2.16,19.242018,1.7699233928438225,Non-Extreme,7.5508594746919915,24.934275882782966
2008-12-29,2008-12-29,1.3499999999999999,2.07,19.453964,2.588240604726462,Non-Extreme,7.5508594746919915,25.129562466706698
2008-12-30,2008-12-30,1.3599999999999999,2.01,19.794186,1.7488569424719853,Non-Extreme,7.5508594746919915,25.259753522655853
2008-12-31,2008-12-31,1.49,2.14,20.134401,1.7187622668595748,Non-Extreme,7.5508594746919915,24.977672901432683
2009-01-02,2009-01-02,1.58,2.38,20.608479,2.354567190749796,Non-Extreme,7.5508594746919915,24.456908677636065
2009-01-05,2009-01-05,1.7100000000000002,2.35,20.753492,0.7036569753643745,Non-Extreme,7.5508594746919915,24.522004205610642
2009-01-06,2009-01-06,1.7099999999999997,2.3699999999999997,21.216417,2.230588471569018,Non-Extreme,7.5508594746919915,24.478607186960925
2009-01-07,2009-01-07,1.7000000000000002,2.41,20.692142,-2.471081709979585,Non-Extreme,7.5508594746919915,24.391813149661488
2009-01-08,2009-01-08,1.6400000000000001,2.3800000000000003,21.026793,1.6172854410142792,Non-Extreme,7.5508594746919915,24.456908677636065
2009-01-09,2009-01-09,1.6800000000000002,2.3600000000000003,20.530397,-2.36077846012942,Non-Extreme,7.5508594746919915,24.500305696285782
2009-01-12,2009-01-12,1.5999999999999999,2.2199999999999998,19.933619,-2.9068020457665797,Negative Extreme,7.5508594746919915,24.80408482683381
2009-01-13,2009-01-13,1.57,2.22,19.967079,0.1678571261946867,Non-Extreme,7.5508594746919915,24.804084826833808
2009-01-14,2009-01-14,1.5100000000000002,2.12,19.431654,-2.6815389471839945,Negative Extreme,7.5508594746919915,25.0210699200824
2009-01-15,2009-01-15,1.5,2.12,18.98546,-2.2962224420010875,Non-Extreme,7.5508594746919915,25.0210699200824
2009-01-16,2009-01-16,1.63,2.2399999999999998,18.762362,-1.1750992601706791,Non-Extreme,7.5508594746919915,24.760687808184095
2009-01-20,2009-01-20,1.67,2.27,17.200693,-5.485717626549662,Negative Extreme,7.5508594746919915,24.695592280209514
2009-01-21,2009-01-21,1.78,2.45,17.914593,4.150414172266192,Positive Extreme,7.5508594746919915,24.30501911236205
2009-01-22,2009-01-22,1.87,2.52,17.03643,-4.901942232234919,Negative Extreme,7.5508594746919915,24.153129547088035
2009-01-23,2009-01-23,1.8199999999999998,2.54,15.908978,-6.617888841735034,Negative Extreme,7.5508594746919915,24.109732528438318
2009-01-26,2009-01-26,1.85,2.56,16.713499,5.057025033286233,Positive Extreme,7.5508594746919915,24.0663355097886
2009-01-27,2009-01-27,1.7199999999999998,2.46,17.370703,3.932174824673159,Positive Extreme,7.5508594746919915,24.28332060303719
2009-01-28,2009-01-28,1.8199999999999998,2.52,17.942923,3.2941671963420336,Positive Extreme,7.5508594746919915,24.153129547088035
2009-01-29,2009-01-29,1.9200000000000002,2.64,17.172409,-4.294250162027682,Negative Extreme,7.5508594746919915,23.892747435189726
2009-01-30,2009-01-30,1.9300000000000002,2.63,17.229067,0.3299362366689631,Non-Extreme,7.5508594746919915,23.914445944514586
2009-02-02,2009-02-02,1.8699999999999997,2.4899999999999998,17.132757,-0.5589971877177041,Non-Extreme,7.5508594746919915,24.218225075062616
2009-02-03,2009-02-03,1.9300000000000002,2.5700000000000003,17.478346,2.0171242725265803,Non-Extreme,7.5508594746919915,24.04463700046374
2009-02-04,2009-02-04,1.9700000000000002,2.6500000000000004,17.348043,-0.7455110454959403,Non-Extreme,7.5508594746919915,23.87104892586487
2009-02-05,2009-02-05,1.9700000000000002,2.66,17.699308,2.0248105218553927,Non-Extreme,7.5508594746919915,23.84935041654001
2009-02-06,2009-02-06,2.0599999999999996,2.7699999999999996,17.852283,0.8642993274087407,Non-Extreme,7.5508594746919915,23.61066681396656
2009-02-09,2009-02-09,2.0199999999999996,2.75,18.027912,0.9837901404543088,Non-Extreme,7.5508594746919915,23.654063832616277
2009-02-10,2009-02-10,1.98,2.59,17.393362,-3.519819710679755,Negative Extreme,7.5508594746919915,24.001239981814024
2009-02-11,2009-02-11,1.8499999999999996,2.48,17.195074,-1.140021118401365,Non-Extreme,7.5508594746919915,24.239923584387473
2009-02-12,2009-02-12,1.8599999999999999,2.46,17.416029,1.28499010821355,Non-Extreme,7.5508594746919915,24.28332060303719
2009-02-13,2009-02-13,1.9200000000000002,2.6,16.883461,-3.057918656428519,Negative Extreme,7.5508594746919915,23.979541472489164
2009-02-17,2009-02-17,1.77,2.3200000000000003,15.948636,-5.536927529254814,Negative Extreme,7.5508594746919915,24.58709973358522
2009-02-18,2009-02-18,1.7700000000000002,2.43,15.28576,-4.156317819279345,Negative Extreme,7.5508594746919915,24.348416131011767
2009-02-19,2009-02-19,1.84,2.5500000000000003,15.824004,3.521211899179371,Positive Extreme,7.5508594746919915,24.088034019113458
2009-02-20,2009-02-20,1.8199999999999998,2.51,15.33676,-3.0791448232697647,Negative Extreme,7.5508594746919915,24.174828056412895
2009-02-23,2009-02-23,1.8199999999999998,2.4899999999999998,14.628556,-4.61768978584786,Negative Extreme,7.5508594746919915,24.218225075062616
2009-02-24,2009-02-24,1.7699999999999998,2.48,16.135603,10.302089967048014,Positive Extreme,7.5508594746919915,24.239923584387473
2009-02-25,2009-02-25,1.86,2.6500000000000004,16.991108,5.301971051221333,Positive Extreme,7.5508594746919915,23.87104892586487
2009-02-26,2009-02-26,1.9,2.71,18.073244,6.368837158824476,Positive Extreme,7.5508594746919915,23.740857869915715
2009-02-27,2009-02-27,2.02,2.76,17.518003,-3.0721712161911765,Negative Extreme,7.5508594746919915,23.632365323291417
